id,score
klue-sts-v1_train_11291,1.0321489795502028
klue-sts-v1_train_06834,0.19931248423780146
klue-sts-v1_train_11329,1.650068577803646
klue-sts-v1_train_05714,0.1523447041147602
klue-sts-v1_train_01413,3.4573106597043344
klue-sts-v1_train_02691,3.950485464376089
klue-sts-v1_train_08640,1.7349503809468152
klue-sts-v1_train_03285,0.7833974594219058
klue-sts-v1_train_11181,0.2786641940619925
klue-sts-v1_train_08882,3.7041615351280535
klue-sts-v1_train_02858,1.6512888416212839
klue-sts-v1_train_07826,3.396119075206367
klue-sts-v1_train_06750,3.7888138183204014
klue-sts-v1_train_02620,0.3500417772168486
klue-sts-v1_train_09597,4.1401228468388425
klue-sts-v1_train_02348,3.280842431431556
klue-sts-v1_train_07301,0.9701071705140628
klue-sts-v1_train_08816,2.4106552229822364
klue-sts-v1_train_03148,1.97878369482983
klue-sts-v1_train_10838,0.11769582016004063
klue-sts-v1_train_04918,3.4118024396324467
klue-sts-v1_train_02085,3.383822171411978
klue-sts-v1_train_00119,3.760825757701819
klue-sts-v1_train_07216,2.538371459859828
klue-sts-v1_train_06908,4.154351519811654
klue-sts-v1_train_01219,3.606832114452563
klue-sts-v1_train_00101,3.7361480165972223
klue-sts-v1_train_03488,0.07464455988458879
klue-sts-v1_train_11320,0.06467926951612687
klue-sts-v1_train_00468,1.3796142674605356
klue-sts-v1_train_05601,1.0581146543719944
klue-sts-v1_train_10156,0.005463294690451969
klue-sts-v1_train_11515,0.13584673702965114
klue-sts-v1_train_00914,4.290603544707343
klue-sts-v1_train_11592,4.094976006453253
klue-sts-v1_train_03082,4.004675864069894
klue-sts-v1_train_01368,0.9509359112803044
klue-sts-v1_train_04193,1.0901023040528905
klue-sts-v1_train_01002,3.7005738169057265
klue-sts-v1_train_02167,2.5070684946721133
klue-sts-v1_train_10442,4.437878366503806
klue-sts-v1_train_04074,1.616193532064773
klue-sts-v1_train_08466,3.7866698968460293
klue-sts-v1_train_06959,3.8364806025040292
klue-sts-v1_train_09401,4.1139710252343935
klue-sts-v1_train_07276,0.6955108765163329
klue-sts-v1_train_06119,3.6594737378310773
klue-sts-v1_train_07107,0.21070385993253787
klue-sts-v1_train_11217,1.7457323614063016
klue-sts-v1_train_08860,3.7743006145137246
klue-sts-v1_train_04606,0.234996783948193
klue-sts-v1_train_11224,2.863425179445092
klue-sts-v1_train_04084,4.303087031341793
klue-sts-v1_train_02586,3.1799532155743777
klue-sts-v1_train_03679,3.629483997437056
klue-sts-v1_train_06590,1.0246458610591362
klue-sts-v1_train_02464,0.09265380577818089
klue-sts-v1_train_00613,3.0464194248941303
klue-sts-v1_train_02836,3.737027729085193
klue-sts-v1_train_02380,3.8599681739168092
klue-sts-v1_train_03691,2.999620115872816
klue-sts-v1_train_04639,3.5593822302828
klue-sts-v1_train_03312,3.9255045174594105
klue-sts-v1_train_10133,4.209745535960855
klue-sts-v1_train_02102,4.166491180771542
klue-sts-v1_train_09912,0.24394997423739218
klue-sts-v1_train_03063,3.460650557677539
klue-sts-v1_train_10222,0.5226192102236067
klue-sts-v1_train_06663,4.0269294737751
klue-sts-v1_train_01626,0.10866819685955503
klue-sts-v1_train_02807,2.25864786168351
klue-sts-v1_train_02826,0.5615595404359108
klue-sts-v1_train_07145,4.082449675200813
klue-sts-v1_train_04024,3.8177488241683557
klue-sts-v1_train_02447,0.814617594106132
klue-sts-v1_train_06463,0.041713950252248846
klue-sts-v1_train_03570,3.98521125042743
klue-sts-v1_train_00245,3.8393462588176064
klue-sts-v1_train_07923,0.6671151162176058
klue-sts-v1_train_08747,3.074671910537821
klue-sts-v1_train_09801,3.6772745513967267
klue-sts-v1_train_06482,0.34372696643701517
klue-sts-v1_train_04205,2.6423050333609672
klue-sts-v1_train_02935,0.586867497550668
klue-sts-v1_train_03449,4.354406969374183
klue-sts-v1_train_03944,3.7774392768571303
klue-sts-v1_train_01213,2.250090226643228
klue-sts-v1_train_04807,3.802494297042448
klue-sts-v1_train_09835,3.471814179129044
klue-sts-v1_train_04808,0.11041757728705862
klue-sts-v1_train_04366,1.1105122263916831
klue-sts-v1_train_06018,0.7130132216750451
klue-sts-v1_train_05730,0.08735758641200463
klue-sts-v1_train_10826,3.1591469482983228
klue-sts-v1_train_03035,0.4051583760773667
klue-sts-v1_train_05284,2.6055404554502237
klue-sts-v1_train_08119,0.21798191019383262
klue-sts-v1_train_02310,4.031028779943643
klue-sts-v1_train_03834,1.0388237403579077
klue-sts-v1_train_05407,0.19899654771469077
klue-sts-v1_train_07261,3.777376773242461
klue-sts-v1_train_08026,3.6716580126000897
klue-sts-v1_train_11246,2.267022082424048
klue-sts-v1_train_09152,3.6654356519483384
klue-sts-v1_train_10614,0.12273272847548233
klue-sts-v1_train_04162,3.833438991859653
klue-sts-v1_train_03413,0.06626638614287783
klue-sts-v1_train_05272,0.7718779827135609
klue-sts-v1_train_04537,1.9675047692136638
klue-sts-v1_train_08256,0.18146294588636597
klue-sts-v1_train_08098,3.7236782932241503
klue-sts-v1_train_04982,2.255182650975619
klue-sts-v1_train_06911,3.7086656210708964
klue-sts-v1_train_03238,3.5057302285240457
klue-sts-v1_train_09957,3.8195373497483383
klue-sts-v1_train_09282,0.6889028067825231
klue-sts-v1_train_00047,1.2479843848679688
klue-sts-v1_train_09134,3.5701714365909556
klue-sts-v1_train_02442,3.64288620086528
klue-sts-v1_train_08359,0.18382491729890033
klue-sts-v1_train_04720,3.760414204901763
klue-sts-v1_train_03400,3.2395950387239543
klue-sts-v1_train_04847,3.6439482470881157
klue-sts-v1_train_02150,1.4683224110828665
klue-sts-v1_train_07044,4.02768882886073
klue-sts-v1_train_01053,4.04856100319129
klue-sts-v1_train_02522,4.055374941984494
klue-sts-v1_train_06810,0.36414646796671346
klue-sts-v1_train_03873,0.8203118887482941
klue-sts-v1_train_05163,1.4801102535351678
klue-sts-v1_train_11448,1.2165901351688324
klue-sts-v1_train_06275,2.399719232236378
klue-sts-v1_train_05920,0.09628226516008043
klue-sts-v1_train_09821,0.4039792114585862
klue-sts-v1_train_00850,0.743887767645147
klue-sts-v1_train_04315,2.4236757365453743
klue-sts-v1_train_07868,1.4937611267073274
klue-sts-v1_train_10074,0.1915107044281148
klue-sts-v1_train_05861,0.04970511420956576
klue-sts-v1_train_02318,4.012649207476711
klue-sts-v1_train_10613,0.15179286659797087
klue-sts-v1_train_08059,4.02464283135552
klue-sts-v1_train_03777,0.12969007743148048
klue-sts-v1_train_10954,3.2746257936443204
klue-sts-v1_train_04604,0.41636114915121136
klue-sts-v1_train_11626,3.8727987189125206
klue-sts-v1_train_09066,4.293187602071697
klue-sts-v1_train_10724,2.125695209788367
klue-sts-v1_train_02254,0.050175784411959606
klue-sts-v1_train_07791,1.6124732683555965
klue-sts-v1_train_03467,0.02521800396671039
klue-sts-v1_train_05501,3.222333457200619
klue-sts-v1_train_11039,2.132354558057345
klue-sts-v1_train_04549,4.211305482760498
klue-sts-v1_train_03601,3.6582428334435395
klue-sts-v1_train_11566,3.0505484552503983
klue-sts-v1_train_03133,4.321918884436816
klue-sts-v1_train_02692,2.2489393509021953
klue-sts-v1_train_00357,2.6904810164026784
klue-sts-v1_train_10916,2.9413077393698157
klue-sts-v1_train_01954,3.8568201953927
klue-sts-v1_train_10101,4.3171960701318595
klue-sts-v1_train_10768,3.03975729785165
klue-sts-v1_train_06984,0.1163134880814745
klue-sts-v1_train_09039,0.05423794127663663
klue-sts-v1_train_11549,4.0944338710383
klue-sts-v1_train_05297,2.7859985469310673
klue-sts-v1_train_00457,0.1286438429894789
klue-sts-v1_train_06755,4.162593008677659
klue-sts-v1_train_06213,3.4509442004644764
klue-sts-v1_train_02417,1.681887070083845
klue-sts-v1_train_07500,0.030134512953144347
klue-sts-v1_train_02372,2.8486339120006408
klue-sts-v1_train_06747,0.16715635985466876
klue-sts-v1_train_10673,0.5223672104735042
klue-sts-v1_train_05824,4.069221847646308
klue-sts-v1_train_11425,2.2389323218644446
klue-sts-v1_train_09646,0.20820425281694588
klue-sts-v1_train_00518,4.137052979539691
klue-sts-v1_train_09195,1.4736874968045304
klue-sts-v1_train_11554,0.14372375481750643
klue-sts-v1_train_08612,3.0211751492416568
klue-sts-v1_train_01498,0.31357820645265144
klue-sts-v1_train_06424,0.1314710976480331
klue-sts-v1_train_08866,4.237456435400215
klue-sts-v1_train_00014,0.37430455003236607
klue-sts-v1_train_06023,0.20908613499700324
klue-sts-v1_train_06101,2.406555692239464
klue-sts-v1_train_10103,3.8637189052711616
klue-sts-v1_train_03660,3.724341585452256
klue-sts-v1_train_02874,0.09671712825698743
klue-sts-v1_train_06580,2.946054509835371
klue-sts-v1_train_11338,3.3872573581618273
klue-sts-v1_train_04147,4.027832762818916
klue-sts-v1_train_11085,4.030388028375116
klue-sts-v1_train_08099,3.651332201720648
klue-sts-v1_train_02753,3.868972168498111
klue-sts-v1_train_00200,0.3178731393709423
klue-sts-v1_train_09566,0.43917182754765616
klue-sts-v1_train_08382,0.4092987577311477
klue-sts-v1_train_07116,3.7298921214427603
klue-sts-v1_train_10421,3.7368327813952407
klue-sts-v1_train_00424,2.3876625658075294
klue-sts-v1_train_11308,4.014928531351607
klue-sts-v1_train_07747,3.446673487112789
klue-sts-v1_train_06072,3.711027635912874
klue-sts-v1_train_10825,0.3072170431851999
klue-sts-v1_train_10895,3.6280411549925775
klue-sts-v1_train_07550,0.42139756272338386
klue-sts-v1_train_01068,1.1196048420373408
klue-sts-v1_train_00304,0.9210826004732735
klue-sts-v1_train_00647,1.845583794864412
klue-sts-v1_train_06927,3.7002576738000656
klue-sts-v1_train_07434,3.682114798282531
klue-sts-v1_train_04630,0.14129684597991932
klue-sts-v1_train_08348,0.38058177830476825
klue-sts-v1_train_06025,2.4410442585157863
klue-sts-v1_train_08128,0.2048371475658316
klue-sts-v1_train_09747,4.001223175161665
klue-sts-v1_train_06399,0.5646691176501784
klue-sts-v1_train_02124,3.5000579435363934
klue-sts-v1_train_07881,4.2323630477086045
klue-sts-v1_train_07012,4.185476513382061
klue-sts-v1_train_05610,4.10962113593734
klue-sts-v1_train_10360,0.6631474368691204
klue-sts-v1_train_01078,3.596481392677245
klue-sts-v1_train_08215,3.0670029132180847
klue-sts-v1_train_03785,4.024861461472794
klue-sts-v1_train_09798,3.742030898163577
klue-sts-v1_train_04541,3.9053929583810847
klue-sts-v1_train_04863,0.02171119448747292
klue-sts-v1_train_06145,0.1516240718075084
klue-sts-v1_train_05384,0.44669440282668704
klue-sts-v1_train_01282,4.039870517739659
klue-sts-v1_train_01851,3.622589910037203
klue-sts-v1_train_05386,2.91324297533457
klue-sts-v1_train_07072,3.4553328518415904
klue-sts-v1_train_05767,1.8957645717513867
klue-sts-v1_train_08116,0.16254747872540942
klue-sts-v1_train_06234,3.9802138829511655
klue-sts-v1_train_00868,0.4336294637992385
klue-sts-v1_train_02919,0.20824005654799738
klue-sts-v1_train_10675,4.532547531650677
klue-sts-v1_train_07845,3.9372305874743363
klue-sts-v1_train_10811,0.03042051344941331
klue-sts-v1_train_06133,3.9883978168040395
klue-sts-v1_train_03931,3.9159416128059785
klue-sts-v1_train_06071,0.16863707232427402
klue-sts-v1_train_09642,0.09156645804874183
klue-sts-v1_train_01825,0.3436483771428724
klue-sts-v1_train_01768,2.008346735267123
klue-sts-v1_train_00214,3.3734729696162917
klue-sts-v1_train_00744,3.5377371991490003
klue-sts-v1_train_00533,1.537493011547402
klue-sts-v1_train_10529,1.6679385501396515
klue-sts-v1_train_07185,0.1802850744267815
klue-sts-v1_train_04439,2.9540635821147387
klue-sts-v1_train_07698,0.5354597136046688
klue-sts-v1_train_08108,0.06342817868511202
klue-sts-v1_train_10626,3.7922401029245996
klue-sts-v1_train_06916,3.6107049488125815
klue-sts-v1_train_07753,3.8897359711714308
klue-sts-v1_train_07075,3.3504162648502818
klue-sts-v1_train_07507,0.9986143877986878
klue-sts-v1_train_09922,1.1741153822628894
klue-sts-v1_train_09709,4.155820815187316
klue-sts-v1_train_11506,3.693609685970742
klue-sts-v1_train_06098,3.2836691860867413
klue-sts-v1_train_04341,0.5130130310075057
klue-sts-v1_train_06412,0.07011756290218163
klue-sts-v1_train_09651,0.04268319316258605
klue-sts-v1_train_08391,3.116144265416431
klue-sts-v1_train_06347,0.009212323084865939
klue-sts-v1_train_07764,0.04402668030825563
klue-sts-v1_train_01650,3.8095471549630444
klue-sts-v1_train_07172,0.21996029174016668
klue-sts-v1_train_01803,3.408480185052907
klue-sts-v1_train_08398,3.8180150791052774
klue-sts-v1_train_09186,4.332562844734447
klue-sts-v1_train_04055,0.061437312797126276
klue-sts-v1_train_03024,3.5268931273865096
klue-sts-v1_train_08578,1.7594153308020102
klue-sts-v1_train_02846,0.7743491046453607
klue-sts-v1_train_02952,1.0977672715919538
klue-sts-v1_train_01496,1.4306398464447814
klue-sts-v1_train_09634,3.9671276264356905
klue-sts-v1_train_03027,2.343032150895999
klue-sts-v1_train_00764,0.06142965584660853
klue-sts-v1_train_03208,3.9795569584997317
klue-sts-v1_train_05743,3.89412192798563
klue-sts-v1_train_10876,4.05575578408366
klue-sts-v1_train_09205,0.09088528180195696
klue-sts-v1_train_04984,3.9993621904198147
klue-sts-v1_train_06475,3.8724143917020686
klue-sts-v1_train_02088,3.1140267127027386
klue-sts-v1_train_09573,4.109603888542222
klue-sts-v1_train_08064,3.5769379769553815
klue-sts-v1_train_07924,4.0573413551442306
klue-sts-v1_train_11617,0.23412705739639125
klue-sts-v1_train_11519,0.0919386308286228
klue-sts-v1_train_09079,0.01715495403861863
klue-sts-v1_train_09136,4.268220157234111
klue-sts-v1_train_09414,0.6677101780058212
klue-sts-v1_train_06408,3.2119562057500337
klue-sts-v1_train_05992,4.064157474304021
klue-sts-v1_train_06128,3.6256505724530683
klue-sts-v1_train_10235,3.553762050944999
klue-sts-v1_train_06435,0.3411890465132099
klue-sts-v1_train_03650,2.8365605932759808
klue-sts-v1_train_01740,4.106970716454972
klue-sts-v1_train_00967,1.3448985315537838
klue-sts-v1_train_03207,1.4956863866657395
klue-sts-v1_train_04064,2.3722477578066767
klue-sts-v1_train_02227,4.257478316581835
klue-sts-v1_train_08287,0.0754277326939225
klue-sts-v1_train_06639,0.00939681281747217
klue-sts-v1_train_03995,3.3198759093538515
klue-sts-v1_train_07542,3.969152801177953
klue-sts-v1_train_11024,0.06105140137010455
klue-sts-v1_train_09059,0.08002428645614355
klue-sts-v1_train_02473,1.7711479478332592
klue-sts-v1_train_10229,3.760876742373007
klue-sts-v1_train_04746,2.6983996663168943
klue-sts-v1_train_09773,3.3332832620365775
klue-sts-v1_train_10648,4.352821970334696
klue-sts-v1_train_09548,0.24101926380732497
klue-sts-v1_train_04344,0.7408221106520112
klue-sts-v1_train_02357,2.555420232591379
klue-sts-v1_train_05220,0.6335815004427755
klue-sts-v1_train_07316,0.15947995413509802
klue-sts-v1_train_03717,3.518735132447922
klue-sts-v1_train_02452,0.20630158430903806
klue-sts-v1_train_03621,0.6653977145959435
klue-sts-v1_train_05022,4.1929311357325805
klue-sts-v1_train_10694,3.7290244762150753
klue-sts-v1_train_05171,0.2377632595575521
klue-sts-v1_train_01501,0.10881404805222164
klue-sts-v1_train_03582,4.085639015602555
klue-sts-v1_train_00510,1.766429155149806
klue-sts-v1_train_03316,2.3050830372227056
klue-sts-v1_train_00461,0.10005988083673073
klue-sts-v1_train_05500,1.760233579366599
klue-sts-v1_train_00218,3.9821579081770295
klue-sts-v1_train_09593,2.7636138910357273
klue-sts-v1_train_10154,3.9590825415458837
klue-sts-v1_train_05146,3.7491520073741382
klue-sts-v1_train_00217,0.05240483030813362
klue-sts-v1_train_06159,1.8975450568852836
klue-sts-v1_train_08918,4.223554657401765
klue-sts-v1_train_01713,2.592340906055501
klue-sts-v1_train_03958,3.8586696076420264
klue-sts-v1_train_07219,0.2188548016165729
klue-sts-v1_train_04373,3.747422977967129
klue-sts-v1_train_09830,3.807544057343292
klue-sts-v1_train_07612,0.1826726473234891
klue-sts-v1_train_03855,3.8003986850720786
klue-sts-v1_train_10145,0.0
klue-sts-v1_train_10163,0.2577024957204043
klue-sts-v1_train_09090,4.16909707184668
klue-sts-v1_train_06843,0.5030317323226967
klue-sts-v1_train_00039,1.6477395993613426
klue-sts-v1_train_06621,4.02755445441703
klue-sts-v1_train_03098,4.072031007317518
klue-sts-v1_train_03780,3.824624301496195
klue-sts-v1_train_02039,0.8271227292179401
klue-sts-v1_train_03997,0.714044284188032
klue-sts-v1_train_04610,3.8963944880284034
klue-sts-v1_train_05065,3.938711390877919
klue-sts-v1_train_08464,2.9692569110899543
klue-sts-v1_train_05168,0.19163308513944255
klue-sts-v1_train_10533,0.8182508187997496
klue-sts-v1_train_00346,0.004754432787206123
klue-sts-v1_train_10186,3.5249131635251745
klue-sts-v1_train_05389,4.22106303941747
klue-sts-v1_train_07251,0.2122306438244143
klue-sts-v1_train_00902,2.4214788313290168
klue-sts-v1_train_01355,0.3126884311397343
klue-sts-v1_train_07444,0.154861968704167
klue-sts-v1_train_05354,0.08568671556765688
klue-sts-v1_train_08926,2.1720628364561128
klue-sts-v1_train_07565,3.284974766399306
klue-sts-v1_train_09239,3.6580101343493583
klue-sts-v1_train_05202,1.6573513722909414
klue-sts-v1_train_11028,0.20380380980892546
klue-sts-v1_train_04868,4.181983324763198
klue-sts-v1_train_01669,3.721647917941355
klue-sts-v1_train_03105,0.1258086964674313
klue-sts-v1_train_07934,3.6679313518398926
klue-sts-v1_train_09006,0.05220882967646293
klue-sts-v1_train_01844,0.2557591066017846
klue-sts-v1_train_00624,3.6451730034242185
klue-sts-v1_train_01421,4.4079259970233515
klue-sts-v1_train_08698,2.8619770464208623
klue-sts-v1_train_09140,3.7478627020982955
klue-sts-v1_train_00149,4.252347035394354
klue-sts-v1_train_01595,3.289588523926558
klue-sts-v1_train_01602,0.13478998476791842
klue-sts-v1_train_06625,4.024986064012125
klue-sts-v1_train_06146,2.3660332397553026
klue-sts-v1_train_01399,3.1313201442888445
klue-sts-v1_train_10830,0.11929376923215515
klue-sts-v1_train_06393,0.3049057987995303
klue-sts-v1_train_04475,3.997108718677867
klue-sts-v1_train_09682,2.974414473179281
klue-sts-v1_train_09252,2.636397643118099
klue-sts-v1_train_06688,0.07272505099222956
klue-sts-v1_train_00651,4.296981517016684
klue-sts-v1_train_00177,3.193793450716006
klue-sts-v1_train_04521,3.527125833568714
klue-sts-v1_train_05128,2.0206582013380263
klue-sts-v1_train_02540,4.129431659437714
klue-sts-v1_train_08893,4.149519493767341
klue-sts-v1_train_04740,0.058005323843493856
klue-sts-v1_train_10714,0.11628473145033272
klue-sts-v1_train_09876,1.4969302470910963
klue-sts-v1_train_11115,1.9897103544819132
klue-sts-v1_train_09309,0.42748144734441573
klue-sts-v1_train_02709,3.6724784585009274
klue-sts-v1_train_03405,2.4931469885851127
klue-sts-v1_train_06249,0.34335512207068486
klue-sts-v1_train_11593,3.507018067416382
klue-sts-v1_train_09568,0.032446187197785456
klue-sts-v1_train_00019,1.0457616284819649
klue-sts-v1_train_08746,1.9852097465602543
klue-sts-v1_train_05697,3.6518160142410676
klue-sts-v1_train_10471,0.055343288139015734
klue-sts-v1_train_09422,3.9674832546348213
klue-sts-v1_train_05281,3.7905926786843382
klue-sts-v1_train_06478,1.2838383970098681
klue-sts-v1_train_01864,1.0730559511634699
klue-sts-v1_train_09354,3.681992923857127
klue-sts-v1_train_08764,3.0487024942694996
klue-sts-v1_train_00970,0.3617646889386962
klue-sts-v1_train_08484,3.435937804456339
klue-sts-v1_train_06192,1.3103634063677467
klue-sts-v1_train_03305,1.3985714986080993
klue-sts-v1_train_02405,3.0999391689675635
klue-sts-v1_train_05556,3.2156088173076935
klue-sts-v1_train_10297,3.7662859324556948
klue-sts-v1_train_08253,0.21373581596601782
klue-sts-v1_train_03585,0.2079139286002176
klue-sts-v1_train_06107,3.139898928834411
klue-sts-v1_train_05278,0.906970228789854
klue-sts-v1_train_02109,0.12068882620864108
klue-sts-v1_train_08071,3.4991636330188927
klue-sts-v1_train_00487,0.038320939922936226
klue-sts-v1_train_03297,1.730155895077498
klue-sts-v1_train_10219,0.6892569063026657
klue-sts-v1_train_10447,0.5717491782588351
klue-sts-v1_train_07093,0.7316517569385401
klue-sts-v1_train_01373,0.2645171545246595
klue-sts-v1_train_00932,0.03027337794232777
klue-sts-v1_train_04338,0.10988167385181441
klue-sts-v1_train_09809,1.9890080870744202
klue-sts-v1_train_00554,3.5526886963505184
klue-sts-v1_train_06277,0.19033636073094173
klue-sts-v1_train_00673,0.19576679031504512
klue-sts-v1_train_01434,0.750521279921009
klue-sts-v1_train_07571,0.1743729425401186
klue-sts-v1_train_04685,3.853500031781932
klue-sts-v1_train_07740,2.764538691302125
klue-sts-v1_train_08797,1.6955601058250316
klue-sts-v1_train_01934,0.39926650585793244
klue-sts-v1_train_05653,2.20758085347844
klue-sts-v1_train_05369,0.06050602299090119
klue-sts-v1_train_02751,3.591385683992261
klue-sts-v1_train_11323,1.6276374768774244
klue-sts-v1_train_08943,3.4877728120901947
klue-sts-v1_train_07359,3.603785587517861
klue-sts-v1_train_06682,0.05927588454102424
klue-sts-v1_train_03761,3.1046076421014868
klue-sts-v1_train_01512,3.8958134851628206
klue-sts-v1_train_00107,3.586295878260825
klue-sts-v1_train_04215,2.3297842596960603
klue-sts-v1_train_02628,0.07496891226778159
klue-sts-v1_train_04035,4.183602289303122
klue-sts-v1_train_03910,1.4600539418553247
klue-sts-v1_train_08250,3.4177210064883576
klue-sts-v1_train_09870,0.8718892094533323
klue-sts-v1_train_06180,1.0517554774105258
klue-sts-v1_train_09578,0.2409759874754631
klue-sts-v1_train_05605,0.30074769987114436
klue-sts-v1_train_02390,3.5281470487662103
klue-sts-v1_train_08701,3.4462246040186466
klue-sts-v1_train_08223,4.023535974363888
klue-sts-v1_train_05364,3.5286070482202385
klue-sts-v1_train_02788,4.008907568490841
klue-sts-v1_train_03016,3.5877955571195024
klue-sts-v1_train_10331,3.433711793550862
klue-sts-v1_train_00303,4.420933406452162
klue-sts-v1_train_05087,4.298951916766249
klue-sts-v1_train_01662,4.076362847382925
klue-sts-v1_train_01175,3.5136054092382376
klue-sts-v1_train_02986,3.4015233395094904
klue-sts-v1_train_03833,2.402850098787382
klue-sts-v1_train_03131,2.9665416289439532
klue-sts-v1_train_04672,0.0429065181758954
klue-sts-v1_train_02611,3.4904392605458883
klue-sts-v1_train_04004,0.23357485949311374
klue-sts-v1_train_00379,1.7049737121001527
klue-sts-v1_train_11594,4.184871015991034
klue-sts-v1_train_00900,0.255369664405224
klue-sts-v1_train_01576,3.55702525035154
klue-sts-v1_train_07838,4.193307640921917
klue-sts-v1_train_10845,0.3511194100006078
klue-sts-v1_train_03523,3.8647770439451072
klue-sts-v1_train_00749,3.3898068388300455
klue-sts-v1_train_00862,3.4327949507333666
klue-sts-v1_train_01347,0.1022655864904516
klue-sts-v1_train_11277,0.6798057561484446
klue-sts-v1_train_00398,4.046250266492008
klue-sts-v1_train_04638,1.559419164110535
klue-sts-v1_train_00927,4.052914364389464
klue-sts-v1_train_00321,4.58336127019033
klue-sts-v1_train_01579,0.5228974590595695
klue-sts-v1_train_05923,0.0628245513754708
klue-sts-v1_train_07108,2.304433814558761
klue-sts-v1_train_02046,0.4560427388692408
klue-sts-v1_train_10254,3.2233892411541047
klue-sts-v1_train_03487,3.154746691390981
klue-sts-v1_train_07320,0.18978717321925576
klue-sts-v1_train_03842,1.39917042252043
klue-sts-v1_train_05118,3.8339216837301677
klue-sts-v1_train_10359,3.55480993960901
klue-sts-v1_train_09221,3.8751906157970906
klue-sts-v1_train_07257,4.074880560882704
klue-sts-v1_train_10450,3.4486125785247403
klue-sts-v1_train_04030,4.234431361156869
klue-sts-v1_train_09927,0.32214426155789905
klue-sts-v1_train_07754,3.9412564987127787
klue-sts-v1_train_02218,3.702097985422192
klue-sts-v1_train_11597,1.3983434435209303
klue-sts-v1_train_07981,3.460563886298688
klue-sts-v1_train_07383,1.1720391355323596
klue-sts-v1_train_05559,3.512619184960495
klue-sts-v1_train_02615,3.827287029647582
klue-sts-v1_train_06073,1.574597577408869
klue-sts-v1_train_00573,3.6288168360710285
klue-sts-v1_train_03017,0.8895716609055628
klue-sts-v1_train_08242,0.4286860815618899
klue-sts-v1_train_08772,0.2887569730316712
klue-sts-v1_train_02680,4.342082147370386
klue-sts-v1_train_09176,3.8790344865128783
klue-sts-v1_train_00251,0.25126641283440226
klue-sts-v1_train_03620,4.204581333958242
klue-sts-v1_train_08437,2.2616254528880892
klue-sts-v1_train_08877,0.2831323557897778
klue-sts-v1_train_02629,3.916807239282779
klue-sts-v1_train_04073,2.8135279429647535
klue-sts-v1_train_06232,3.7220505860803987
klue-sts-v1_train_03790,3.7468440387374446
klue-sts-v1_train_02676,4.392837105120915
klue-sts-v1_train_05259,0.09884070403216881
klue-sts-v1_train_10560,3.9225452781540273
klue-sts-v1_train_11192,0.04588444041057092
klue-sts-v1_train_10388,4.085171259971549
klue-sts-v1_train_03898,1.3812360810672502
klue-sts-v1_train_03593,3.0743817270220024
klue-sts-v1_train_06494,3.19381909412059
klue-sts-v1_train_05733,4.0748165002270555
klue-sts-v1_train_10422,0.13278769024641857
klue-sts-v1_train_11159,3.4447724137307403
klue-sts-v1_train_01688,2.951601790868079
klue-sts-v1_train_06461,0.7269656814036269
klue-sts-v1_train_02351,1.101794329277186
klue-sts-v1_train_10138,3.877568739717576
klue-sts-v1_train_08018,1.2977323594377732
klue-sts-v1_train_11384,4.143252734092412
klue-sts-v1_train_07850,1.0334658001465253
klue-sts-v1_train_00856,3.5662309028169226
klue-sts-v1_train_10987,3.8185325808086974
klue-sts-v1_train_00700,0.44143823186697584
klue-sts-v1_train_01433,3.6569724376811146
klue-sts-v1_train_07135,4.305949797824034
klue-sts-v1_train_09125,4.01631074962021
klue-sts-v1_train_03608,4.113067933799881
klue-sts-v1_train_04974,3.677000105237889
klue-sts-v1_train_02270,0.32004306531057247
klue-sts-v1_train_01845,3.8584762286313206
klue-sts-v1_train_05470,4.225670643928785
klue-sts-v1_train_06848,3.936824567323958
klue-sts-v1_train_07182,0.055788345378982584
klue-sts-v1_train_00562,2.962745485094713
klue-sts-v1_train_00839,1.5353521644037478
klue-sts-v1_train_06594,2.9017007378717867
klue-sts-v1_train_09786,0.3826833051041931
klue-sts-v1_train_01178,4.269211387624024
klue-sts-v1_train_05998,4.041388412508461
klue-sts-v1_train_08424,0.17359312253476444
klue-sts-v1_train_01655,0.3581181974305277
klue-sts-v1_train_01479,3.3349770980093276
klue-sts-v1_train_03782,3.8568319373538977
klue-sts-v1_train_08113,3.606334053439207
klue-sts-v1_train_03458,0.0
klue-sts-v1_train_10913,3.678949521351144
klue-sts-v1_train_00592,3.4708885466148285
klue-sts-v1_train_10451,3.422323313620738
klue-sts-v1_train_03706,2.123800331672869
klue-sts-v1_train_03817,4.441356888537186
klue-sts-v1_train_03708,3.6891637077435866
klue-sts-v1_train_08778,0.5714599858470262
klue-sts-v1_train_05438,0.37332705431308416
klue-sts-v1_train_10032,0.7567810499893319
klue-sts-v1_train_09263,4.119952565944551
klue-sts-v1_train_06143,0.40305741271401235
klue-sts-v1_train_04058,3.577696599021185
klue-sts-v1_train_00033,4.516434928013657
klue-sts-v1_train_06778,2.614772639387033
klue-sts-v1_train_07910,2.345845181250837
klue-sts-v1_train_07417,4.127569868724334
klue-sts-v1_train_04924,0.9022199223530498
klue-sts-v1_train_03844,0.49987818842577547
klue-sts-v1_train_06032,4.561291275287424
klue-sts-v1_train_09901,3.0501470076640373
klue-sts-v1_train_05196,0.14596566135411823
klue-sts-v1_train_04299,3.9029663920849185
klue-sts-v1_train_10057,0.4654516552971596
klue-sts-v1_train_10977,0.060618078423554544
klue-sts-v1_train_05880,3.8986466892499547
klue-sts-v1_train_08000,0.9901608402078681
klue-sts-v1_train_11434,1.2685416396179108
klue-sts-v1_train_09225,3.795060877505195
klue-sts-v1_train_03333,0.9225998660530221
klue-sts-v1_train_06518,3.793660139662234
klue-sts-v1_train_01634,0.33366450755599575
klue-sts-v1_train_03524,0.020852733130451575
klue-sts-v1_train_09473,4.111207972488942
klue-sts-v1_train_10033,1.3119661054872456
klue-sts-v1_train_01383,0.3575961360462824
klue-sts-v1_train_03184,0.13570501539024718
klue-sts-v1_train_06351,3.9200393023877336
klue-sts-v1_train_06085,3.8013048582692957
klue-sts-v1_train_04337,0.17955962488388408
klue-sts-v1_train_09280,3.9107434653997393
klue-sts-v1_train_06492,3.571741850686867
klue-sts-v1_train_04532,2.420488091006318
klue-sts-v1_train_02189,3.6053759919482005
klue-sts-v1_train_01285,3.649416496290505
klue-sts-v1_train_06849,4.421905211595238
klue-sts-v1_train_05302,1.0257921211350043
klue-sts-v1_train_07757,3.787121499598858
klue-sts-v1_train_03026,3.8738531944780035
klue-sts-v1_train_09215,0.029461277328334635
klue-sts-v1_train_05657,3.9587669602419795
klue-sts-v1_train_07441,2.2684958582800223
klue-sts-v1_train_05720,3.189964375971803
klue-sts-v1_train_06536,0.8602699484395303
klue-sts-v1_train_06387,3.4003037737907764
klue-sts-v1_train_02474,3.0563213187535943
klue-sts-v1_train_04336,4.0257679564970275
klue-sts-v1_train_01978,0.7190776805690979
klue-sts-v1_train_02498,3.0224277392905536
klue-sts-v1_train_02140,1.7842823132262782
klue-sts-v1_train_03286,3.8440870076330205
klue-sts-v1_train_02973,3.18353319233411
klue-sts-v1_train_02337,3.9182655509312987
klue-sts-v1_train_08197,0.06260608609186023
klue-sts-v1_train_05773,0.32445063338894
klue-sts-v1_train_06992,3.688372354926683
klue-sts-v1_train_01430,4.095281285897585
klue-sts-v1_train_05981,4.109945035935084
klue-sts-v1_train_10412,1.7832160021346204
klue-sts-v1_train_07242,3.220743914673005
klue-sts-v1_train_07143,3.9614131466713185
klue-sts-v1_train_11398,4.155730893761992
klue-sts-v1_train_08290,4.488609837787935
klue-sts-v1_train_07639,0.0
klue-sts-v1_train_09929,1.1882021344489182
klue-sts-v1_train_09845,0.4007340968507519
klue-sts-v1_train_09043,3.395758479394059
klue-sts-v1_train_04365,0.5113038602300628
klue-sts-v1_train_11622,0.06830541314777364
klue-sts-v1_train_09729,3.345802791414294
klue-sts-v1_train_09635,0.5180769031616462
klue-sts-v1_train_02701,0.017600923640893253
klue-sts-v1_train_09391,1.996419852424413
klue-sts-v1_train_01157,1.2954649466062222
klue-sts-v1_train_06956,0.23851491166444933
klue-sts-v1_train_08157,0.0704051224850937
klue-sts-v1_train_09793,3.7576551692576734
klue-sts-v1_train_02231,0.4778767579107018
klue-sts-v1_train_07717,2.4154984684182264
klue-sts-v1_train_07376,3.7737767559309368
klue-sts-v1_train_00330,1.4372710571701386
klue-sts-v1_train_08673,4.045680741741226
klue-sts-v1_train_06761,2.756703645834552
klue-sts-v1_train_03101,0.0408069759235031
klue-sts-v1_train_01783,0.03700568769173267
klue-sts-v1_train_07915,3.9062269655576394
klue-sts-v1_train_06537,1.8980654722296433
klue-sts-v1_train_09988,2.12162823350652
klue-sts-v1_train_09930,3.1426511738249214
klue-sts-v1_train_01418,2.400747997719985
klue-sts-v1_train_01121,4.0195755507315685
klue-sts-v1_train_01369,4.282837244737356
klue-sts-v1_train_06057,3.0070931466619544
klue-sts-v1_train_02271,0.31651582787146476
klue-sts-v1_train_01747,2.881471841245406
klue-sts-v1_train_01039,0.5434640195857872
klue-sts-v1_train_09229,3.602589093386705
klue-sts-v1_train_03282,4.443908203321373
klue-sts-v1_train_05872,4.366847304972927
klue-sts-v1_train_07646,3.9868180281661374
klue-sts-v1_train_00092,3.4258332504031537
klue-sts-v1_train_00041,0.026807454090161796
klue-sts-v1_train_06994,2.976958642167375
klue-sts-v1_train_10047,3.4853521588560494
klue-sts-v1_train_08468,3.389226517511916
klue-sts-v1_train_01402,4.761601331984416
klue-sts-v1_train_08910,0.049882362312008995
klue-sts-v1_train_03399,0.031696893804704016
klue-sts-v1_train_10974,3.7450534714880117
klue-sts-v1_train_07319,0.2869635980806036
klue-sts-v1_train_10274,3.662764462733452
klue-sts-v1_train_10034,3.6666433578944253
klue-sts-v1_train_10220,0.3130002475557967
klue-sts-v1_train_09932,0.10524582942261244
klue-sts-v1_train_10162,4.294926625671408
klue-sts-v1_train_05758,4.792354858509385
klue-sts-v1_train_01983,2.5548879738370838
klue-sts-v1_train_11371,0.08925385510397435
klue-sts-v1_train_09365,4.486962427284125
klue-sts-v1_train_11492,3.085580740970885
klue-sts-v1_train_05948,3.535845730369931
klue-sts-v1_train_03447,2.147371957460689
klue-sts-v1_train_09654,3.4590350357563393
klue-sts-v1_train_02009,4.067695983714231
klue-sts-v1_train_00085,3.647298242681366
klue-sts-v1_train_04838,0.6621115947471998
klue-sts-v1_train_05245,0.15583171532405457
klue-sts-v1_train_00135,0.08418548540479481
klue-sts-v1_train_06754,3.8242806865745855
klue-sts-v1_train_11060,0.028383647134953404
klue-sts-v1_train_11423,4.51962483522649
klue-sts-v1_train_00318,2.115698121552259
klue-sts-v1_train_06556,0.589096050810868
klue-sts-v1_train_02993,0.36506410888066587
klue-sts-v1_train_05980,0.12753719286858878
klue-sts-v1_train_08922,0.14846398039730616
klue-sts-v1_train_04219,0.5367433730804122
klue-sts-v1_train_04401,3.5737964260257815
klue-sts-v1_train_11026,3.137012966743061
klue-sts-v1_train_07784,2.085225528002493
klue-sts-v1_train_10307,0.314316797093437
klue-sts-v1_train_05042,3.581523457222607
klue-sts-v1_train_06203,3.6199883712024237
klue-sts-v1_train_02183,3.882297684680762
klue-sts-v1_train_09378,3.499530586146352
klue-sts-v1_train_05517,3.9240868607832056
klue-sts-v1_train_06646,3.5996676192397357
klue-sts-v1_train_01142,3.7142155178517062
klue-sts-v1_train_08347,0.8163011998496059
klue-sts-v1_train_07229,3.9772472385871285
klue-sts-v1_train_09278,4.259535287899585
klue-sts-v1_train_02727,3.890665032793846
klue-sts-v1_train_03928,3.644465261942761
klue-sts-v1_train_05924,0.6641614241434438
klue-sts-v1_train_03146,2.968281562542556
klue-sts-v1_train_10383,3.4128236576784117
klue-sts-v1_train_11293,0.7557367505048747
klue-sts-v1_train_05643,3.563615826313559
klue-sts-v1_train_04104,4.856493423273324
klue-sts-v1_train_04536,4.103193304465281
klue-sts-v1_train_06466,3.700722819757515
klue-sts-v1_train_11210,1.0363029242324695
klue-sts-v1_train_07964,3.87457530018985
klue-sts-v1_train_05298,4.4177264709549595
klue-sts-v1_train_03037,3.59363754730744
klue-sts-v1_train_00070,3.9694437798782
klue-sts-v1_train_02754,0.11957276477710205
klue-sts-v1_train_05113,4.5916731868028
klue-sts-v1_train_09526,0.00836509020438678
klue-sts-v1_train_09453,0.12811971909400813
klue-sts-v1_train_10332,2.7709611337424986
klue-sts-v1_train_00360,3.8044515662074785
klue-sts-v1_train_11238,1.0331583074921866
klue-sts-v1_train_09700,4.519640634501611
klue-sts-v1_train_08008,3.405817290183286
klue-sts-v1_train_07194,3.9344597326003
klue-sts-v1_train_10031,3.1493689888691527
klue-sts-v1_train_05511,0.20176483990172006
klue-sts-v1_train_03328,3.5424212687580843
klue-sts-v1_train_01166,4.050128444959496
klue-sts-v1_train_08046,2.190872641551251
klue-sts-v1_train_04762,1.7152707023707288
klue-sts-v1_train_09563,4.163535015467366
klue-sts-v1_train_05928,1.5635562778776089
klue-sts-v1_train_11290,0.3685855905968354
klue-sts-v1_train_09037,0.7310262308151281
klue-sts-v1_train_03344,3.8467665428746383
klue-sts-v1_train_10684,4.034419918741687
klue-sts-v1_train_05932,0.32987282777229343
klue-sts-v1_train_10126,2.6432235223175846
klue-sts-v1_train_11654,3.582391641696173
klue-sts-v1_train_05914,0.2438137963991554
klue-sts-v1_train_06535,3.8928110737065875
klue-sts-v1_train_07882,1.4863186835475513
klue-sts-v1_train_05271,1.329968393623311
klue-sts-v1_train_01457,3.9830074301488825
klue-sts-v1_train_02144,3.5449905919499622
klue-sts-v1_train_05070,0.3364088066975328
klue-sts-v1_train_06870,3.4361561559636726
klue-sts-v1_train_00908,3.6543591557192103
klue-sts-v1_train_08206,3.276209887899956
klue-sts-v1_train_09373,0.43138492340356926
klue-sts-v1_train_06725,2.8505864273892048
klue-sts-v1_train_11527,0.4348222974648965
klue-sts-v1_train_02342,3.1630161894586957
klue-sts-v1_train_07200,3.4516445934154465
klue-sts-v1_train_00465,4.127237890133118
klue-sts-v1_train_02576,3.671100380461205
klue-sts-v1_train_03434,0.9994570963402677
klue-sts-v1_train_05365,3.8805734600150874
klue-sts-v1_train_07087,2.6641740970965166
klue-sts-v1_train_00248,4.2999333348202855
klue-sts-v1_train_07671,4.153400166717551
klue-sts-v1_train_00434,0.3017863241706615
klue-sts-v1_train_05181,0.3066766192036843
klue-sts-v1_train_02055,2.7647848577264735
klue-sts-v1_train_04772,3.751481898598968
klue-sts-v1_train_05464,2.1204403858016505
klue-sts-v1_train_04060,0.024249279383797763
klue-sts-v1_train_06379,3.4844168917029474
klue-sts-v1_train_02465,0.04906972435935109
klue-sts-v1_train_05011,0.12345546346402819
klue-sts-v1_train_08346,1.1590527541082976
klue-sts-v1_train_03206,3.6381150919017147
klue-sts-v1_train_03896,0.17345198659846794
klue-sts-v1_train_08992,4.533053511245608
klue-sts-v1_train_09308,0.04205344877641144
klue-sts-v1_train_04295,2.529777487506432
klue-sts-v1_train_03263,0.20859452368041329
klue-sts-v1_train_11570,0.5001851032303106
klue-sts-v1_train_09101,4.056233070390065
klue-sts-v1_train_09456,4.727341049790697
klue-sts-v1_train_02901,3.7021933863876866
klue-sts-v1_train_03914,0.12295317205230105
klue-sts-v1_train_05372,4.1151179463633
klue-sts-v1_train_00543,4.075332563134233
klue-sts-v1_train_09044,4.134348992580581
klue-sts-v1_train_04667,0.25111244793916715
klue-sts-v1_train_02982,0.1867980687250771
klue-sts-v1_train_10152,2.0836313343904833
klue-sts-v1_train_09727,3.155594412242489
klue-sts-v1_train_11134,2.7247787722048065
klue-sts-v1_train_01683,3.4542870747718313
klue-sts-v1_train_05058,4.511987897545269
klue-sts-v1_train_04767,3.690191280733264
klue-sts-v1_train_10100,2.5274863383683384
klue-sts-v1_train_06730,1.4239302373092424
klue-sts-v1_train_09408,0.26765399805046863
klue-sts-v1_train_01453,0.04275524289641501
klue-sts-v1_train_01459,2.1141449843371953
klue-sts-v1_train_01010,3.7658547838199663
klue-sts-v1_train_07077,3.500275941391468
klue-sts-v1_train_11023,3.8126753555793984
klue-sts-v1_train_01718,0.07312247985744247
klue-sts-v1_train_06223,0.20870935986129427
klue-sts-v1_train_10410,0.14210612170656833
klue-sts-v1_train_04031,3.511510451768706
klue-sts-v1_train_08283,0.08245995633207612
klue-sts-v1_train_09816,0.39231555598510615
klue-sts-v1_train_09026,0.0
klue-sts-v1_train_09959,0.04986521019851557
klue-sts-v1_train_08035,0.2707143556076351
klue-sts-v1_train_07829,3.5129151295233307
klue-sts-v1_train_05994,0.9722066827077186
klue-sts-v1_train_03529,3.9756267857489878
klue-sts-v1_train_07689,3.0616249178595645
klue-sts-v1_train_09611,3.2622718720705626
klue-sts-v1_train_10670,2.8398276827858386
klue-sts-v1_train_08758,0.946241487944051
klue-sts-v1_train_06161,2.1792387933241377
klue-sts-v1_train_09103,0.06691293321521471
klue-sts-v1_train_04429,3.6957614076112804
klue-sts-v1_train_06428,3.523740178612801
klue-sts-v1_train_09863,3.960405102753393
klue-sts-v1_train_10874,0.37786493660230863
klue-sts-v1_train_07690,0.5027027999426125
klue-sts-v1_train_00483,3.2388587588212374
klue-sts-v1_train_08765,0.1240424188732449
klue-sts-v1_train_11632,0.2060201883500511
klue-sts-v1_train_03781,3.149545429026206
klue-sts-v1_train_06558,4.205641355107044
klue-sts-v1_train_09627,1.7097759636625194
klue-sts-v1_train_07779,2.247232837031968
klue-sts-v1_train_04333,4.238807773659326
klue-sts-v1_train_01277,4.135056500701136
klue-sts-v1_train_09182,4.550802056839171
klue-sts-v1_train_06946,2.853112644524734
klue-sts-v1_train_03860,3.78113830193175
klue-sts-v1_train_07020,3.483993186218056
klue-sts-v1_train_06742,0.03181446235116534
klue-sts-v1_train_09494,3.65423328818518
klue-sts-v1_train_07150,0.9402503995486702
klue-sts-v1_train_05279,3.01766873833424
klue-sts-v1_train_04822,4.013377858116034
klue-sts-v1_train_08412,0.09098223144508305
klue-sts-v1_train_04113,1.3999638313395166
klue-sts-v1_train_11529,3.9195370907658633
klue-sts-v1_train_00668,1.610043849721122
klue-sts-v1_train_08426,3.0735148736999616
klue-sts-v1_train_06720,2.9623519607123923
klue-sts-v1_train_07750,2.996094301734395
klue-sts-v1_train_03919,4.0883742920497586
klue-sts-v1_train_08268,3.3820220214552177
klue-sts-v1_train_06027,4.316214166124071
klue-sts-v1_train_00747,0.08107774518419687
klue-sts-v1_train_08506,0.20490000192857805
klue-sts-v1_train_08170,3.5644089967134853
klue-sts-v1_train_10462,3.8125836551872796
klue-sts-v1_train_05234,4.037566922743913
klue-sts-v1_train_05584,2.6216839391273075
klue-sts-v1_train_05513,1.1979719662418293
klue-sts-v1_train_02492,4.1017824990521135
klue-sts-v1_train_07799,3.8143469064884665
klue-sts-v1_train_06095,3.897394611092916
klue-sts-v1_train_05547,0.0840168165413523
klue-sts-v1_train_07971,3.254121069233154
klue-sts-v1_train_02075,2.968988662378031
klue-sts-v1_train_02777,0.13923944932324933
klue-sts-v1_train_11189,3.619413108542526
klue-sts-v1_train_11036,2.3656924704809246
klue-sts-v1_train_04962,0.09049984743520498
klue-sts-v1_train_04718,0.22373579236688498
klue-sts-v1_train_01217,0.31534733649948143
klue-sts-v1_train_06681,4.2814389917754365
klue-sts-v1_train_09844,4.003755002294797
klue-sts-v1_train_05344,4.103561062495261
klue-sts-v1_train_10622,0.9402452138590695
klue-sts-v1_train_07738,3.6441110264888845
klue-sts-v1_train_00708,0.17242762994922198
klue-sts-v1_train_03314,3.663889355855641
klue-sts-v1_train_02288,2.696230778876446
klue-sts-v1_train_03411,3.82727356276742
klue-sts-v1_train_10567,3.5482695324850084
klue-sts-v1_train_05526,0.7130758404871477
klue-sts-v1_train_10764,2.5898846425006137
klue-sts-v1_train_01623,3.332801451608481
klue-sts-v1_train_11150,1.703870504904063
klue-sts-v1_train_02328,1.0314838458826534
klue-sts-v1_train_06037,0.08098701122263334
klue-sts-v1_train_02582,0.24738971102304874
klue-sts-v1_train_00035,0.14217486668312967
klue-sts-v1_train_11223,0.12100284269838377
klue-sts-v1_train_00050,4.1105850269529505
klue-sts-v1_train_03853,0.3058324969739762
klue-sts-v1_train_07828,0.041650662896291726
klue-sts-v1_train_01923,4.617816514854679
klue-sts-v1_train_05032,0.08387081773845802
klue-sts-v1_train_02069,0.14663490956047057
klue-sts-v1_train_02340,0.11366148959586311
klue-sts-v1_train_07920,0.9572293800241454
klue-sts-v1_train_10117,3.828144874579108
klue-sts-v1_train_05677,3.524731767045062
klue-sts-v1_train_06883,0.4041905771096385
klue-sts-v1_train_06611,3.8093065947481786
klue-sts-v1_train_11273,1.8992440783490565
klue-sts-v1_train_00428,0.22038938201251645
klue-sts-v1_train_11455,3.79849875907718
klue-sts-v1_train_04525,2.807629143894208
klue-sts-v1_train_08749,0.13711672760993934
klue-sts-v1_train_10046,0.0539778645850085
klue-sts-v1_train_00095,0.09531040715703981
klue-sts-v1_train_07070,3.9523777456772713
klue-sts-v1_train_11418,3.910944685211663
klue-sts-v1_train_10864,0.10890114801323983
klue-sts-v1_train_09673,0.5842080172295216
klue-sts-v1_train_08690,0.12776748346490815
klue-sts-v1_train_01896,0.11475127911861137
klue-sts-v1_train_10999,3.8982290571187854
klue-sts-v1_train_11221,3.4083357160588514
klue-sts-v1_train_01320,4.216141706414682
klue-sts-v1_train_02425,0.11911642487888813
klue-sts-v1_train_08762,2.8437624919494002
klue-sts-v1_train_04436,0.5202407120612533
klue-sts-v1_train_04474,0.33233976868588816
klue-sts-v1_train_10972,3.8890196577041825
klue-sts-v1_train_03952,0.1455686002658791
klue-sts-v1_train_00408,3.7001166003166532
klue-sts-v1_train_07459,0.24133960019553005
klue-sts-v1_train_11045,0.4823669310564561
klue-sts-v1_train_11666,3.9850437870328994
klue-sts-v1_train_04959,3.683933667433716
klue-sts-v1_train_00704,3.5132699637178115
klue-sts-v1_train_06208,4.015243739744724
klue-sts-v1_train_07647,0.38779097099729654
klue-sts-v1_train_03290,3.3646171800488496
klue-sts-v1_train_07795,3.8892863285505213
klue-sts-v1_train_10633,0.4247767578978392
klue-sts-v1_train_04696,3.6881800378995733
klue-sts-v1_train_06693,0.03092569298629931
klue-sts-v1_train_00608,4.149572134071777
klue-sts-v1_train_03111,0.8905278640452157
klue-sts-v1_train_05623,3.4626958226266096
klue-sts-v1_train_02996,2.9116663342205826
klue-sts-v1_train_04618,0.36638051269500654
klue-sts-v1_train_03902,3.6860361586363153
klue-sts-v1_train_09275,0.293988702695568
klue-sts-v1_train_10948,3.408383851609525
klue-sts-v1_train_07463,3.617139989571453
klue-sts-v1_train_03677,1.8025644679516968
klue-sts-v1_train_04046,4.578988197638942
klue-sts-v1_train_04700,2.3255898852132715
klue-sts-v1_train_01022,0.5723043042567034
klue-sts-v1_train_01396,3.1267324781756227
klue-sts-v1_train_02714,2.4073699619478726
klue-sts-v1_train_05800,0.2180978058343328
klue-sts-v1_train_00758,1.0604035723238634
klue-sts-v1_train_04862,3.063738607260399
klue-sts-v1_train_02360,1.6996799574224748
klue-sts-v1_train_08889,0.07010811123887119
klue-sts-v1_train_09249,4.255072468872832
klue-sts-v1_train_01139,0.3615802134340231
klue-sts-v1_train_07567,2.113740868383651
klue-sts-v1_train_04483,0.5762249273570371
klue-sts-v1_train_11573,4.02674486339461
klue-sts-v1_train_09702,3.680352139158573
klue-sts-v1_train_07889,0.7695362530841874
klue-sts-v1_train_07624,2.784159541114013
klue-sts-v1_train_00399,3.967709488808429
klue-sts-v1_train_03693,3.7473611253932804
klue-sts-v1_train_02145,3.597860430426996
klue-sts-v1_train_04464,2.2251233616009114
klue-sts-v1_train_01904,0.07836641243461784
klue-sts-v1_train_09612,3.632962691607071
klue-sts-v1_train_01272,2.5286249050232867
klue-sts-v1_train_06135,4.395392702723391
klue-sts-v1_train_06853,0.11871083341801314
klue-sts-v1_train_01935,0.04395079229771624
klue-sts-v1_train_09653,0.5725537378102414
klue-sts-v1_train_10760,3.989838989842225
klue-sts-v1_train_00367,2.99911764225977
klue-sts-v1_train_05090,0.24387189832942996
klue-sts-v1_train_02929,4.223629589532298
klue-sts-v1_train_02913,0.019587077975397618
klue-sts-v1_train_01275,0.21746916781515013
klue-sts-v1_train_08583,4.211499595050438
klue-sts-v1_train_00063,4.305678703468752
klue-sts-v1_train_06114,4.075604299335216
klue-sts-v1_train_07706,0.08007841173390834
klue-sts-v1_train_01732,2.4311367818678935
klue-sts-v1_train_05930,0.09569707990634593
klue-sts-v1_train_02534,3.6065538794455563
klue-sts-v1_train_10752,3.0705515439830227
klue-sts-v1_train_06632,0.06384121436858681
klue-sts-v1_train_01791,4.122373340819566
klue-sts-v1_train_06899,3.6010832754148137
klue-sts-v1_train_05414,4.187492820505437
klue-sts-v1_train_09484,1.4705627710336409
klue-sts-v1_train_09800,0.5879125815243635
klue-sts-v1_train_00427,3.594890590802624
klue-sts-v1_train_06011,2.810552646506779
klue-sts-v1_train_04170,0.15379829026236866
klue-sts-v1_train_01562,4.262753606528168
klue-sts-v1_train_06832,3.3979663517061893
klue-sts-v1_train_04313,4.284672805338671
klue-sts-v1_train_02507,1.1513520255015854
klue-sts-v1_train_05206,3.5923865181536074
klue-sts-v1_train_09148,1.5381867141804713
klue-sts-v1_train_09128,3.5004035379573155
klue-sts-v1_train_06421,0.30797324728989006
klue-sts-v1_train_10430,3.76001887699225
klue-sts-v1_train_09426,3.6974859794750685
klue-sts-v1_train_10980,3.6148597294449614
klue-sts-v1_train_03370,3.6358227263744323
klue-sts-v1_train_01408,4.019566407493109
klue-sts-v1_train_01511,3.5953011580628385
klue-sts-v1_train_03615,1.6402216554986864
klue-sts-v1_train_10269,0.3663256800644763
klue-sts-v1_train_03889,0.13197791605256293
klue-sts-v1_train_00740,1.704549767818727
klue-sts-v1_train_00000,3.8032291585605176
klue-sts-v1_train_08880,1.189536666447855
klue-sts-v1_train_10517,0.32853524973381215
klue-sts-v1_train_04957,0.19557533028061463
klue-sts-v1_train_01905,4.226990349708764
klue-sts-v1_train_05614,4.139816694092869
klue-sts-v1_train_08499,3.4443036938395424
klue-sts-v1_train_05792,2.193918169425869
klue-sts-v1_train_03210,4.078621002601064
klue-sts-v1_train_11577,3.4239219806775574
klue-sts-v1_train_06835,1.0954887326520724
klue-sts-v1_train_09256,3.2678607692036983
klue-sts-v1_train_01470,0.7789683877061467
klue-sts-v1_train_06339,4.245203212050644
klue-sts-v1_train_08136,3.7875228991687937
klue-sts-v1_train_08649,0.9832816730197744
klue-sts-v1_train_02238,3.6616705591371552
klue-sts-v1_train_09946,0.4702761829839087
klue-sts-v1_train_08048,3.717833335793109
klue-sts-v1_train_05294,3.004195979414712
klue-sts-v1_train_11170,1.5953554630645796
klue-sts-v1_train_00216,0.5450640400585312
klue-sts-v1_train_04467,3.9973908654582218
klue-sts-v1_train_09543,4.4582303769283715
klue-sts-v1_train_08327,3.7447095694647974
klue-sts-v1_train_00866,2.897008439363512
klue-sts-v1_train_06713,1.837947478208866
klue-sts-v1_train_01530,1.098841816619005
klue-sts-v1_train_11280,3.084149561548169
klue-sts-v1_train_06447,2.104259707220248
klue-sts-v1_train_07809,2.1558502430852267
klue-sts-v1_train_06137,1.5193300509104568
klue-sts-v1_train_03284,3.4176869003296035
klue-sts-v1_train_07713,2.713022906676249
klue-sts-v1_train_09810,3.662267984355384
klue-sts-v1_train_02019,4.243017670539478
klue-sts-v1_train_10963,1.7780849111469492
klue-sts-v1_train_02613,1.6721711879163905
klue-sts-v1_train_00795,4.013924051702374
klue-sts-v1_train_08900,4.366574802459947
klue-sts-v1_train_06260,0.2345021209362965
klue-sts-v1_train_01964,4.209325610391854
klue-sts-v1_train_10043,1.514006518243759
klue-sts-v1_train_05304,0.01565442353010313
klue-sts-v1_train_11056,0.039525308743697786
klue-sts-v1_train_09877,0.0874929699483795
klue-sts-v1_train_05979,4.253681773008452
klue-sts-v1_train_10708,4.414720343029962
klue-sts-v1_train_06310,3.5279208645728666
klue-sts-v1_train_02020,3.3160575052897645
klue-sts-v1_train_00683,0.4523564542310447
klue-sts-v1_train_04864,0.15466046620072588
klue-sts-v1_train_02319,0.15776054482578344
klue-sts-v1_train_08296,0.21992706824869718
klue-sts-v1_train_00577,0.08254790329970091
klue-sts-v1_train_10843,1.5811444277549263
klue-sts-v1_train_01692,3.8002189454271615
klue-sts-v1_train_06363,3.751115984919159
klue-sts-v1_train_07856,3.485254495850839
klue-sts-v1_train_03369,0.06006549076391168
klue-sts-v1_train_00761,0.05458642277651535
klue-sts-v1_train_10761,4.055827907071275
klue-sts-v1_train_04271,3.493585904423239
klue-sts-v1_train_07369,4.214387885704554
klue-sts-v1_train_09514,3.633066171636432
klue-sts-v1_train_06630,0.18825943875204681
klue-sts-v1_train_04217,0.07985298131640214
klue-sts-v1_train_07422,2.066970648454208
klue-sts-v1_train_05159,2.3379132763367005
klue-sts-v1_train_09741,0.06620712464558592
klue-sts-v1_train_07985,3.9848577249893684
klue-sts-v1_train_09088,0.11171233239289866
klue-sts-v1_train_05804,4.251344222285258
klue-sts-v1_train_04600,3.850874305976344
klue-sts-v1_train_10944,3.2408844963180146
klue-sts-v1_train_08280,3.852991345142204
klue-sts-v1_train_08539,0.5826633542107686
klue-sts-v1_train_02625,3.940743428293814
klue-sts-v1_train_11390,3.7381437048257844
klue-sts-v1_train_09542,4.073815355439994
klue-sts-v1_train_04448,0.6969983814123543
klue-sts-v1_train_02619,3.998597706955705
klue-sts-v1_train_10266,0.0723166797337007
klue-sts-v1_train_01041,4.596249725213394
klue-sts-v1_train_04028,0.39183111522167346
klue-sts-v1_train_07545,0.4649700688345112
klue-sts-v1_train_01491,4.149716460706307
klue-sts-v1_train_00173,0.20584768961478025
klue-sts-v1_train_00169,0.4700186023073908
klue-sts-v1_train_08627,1.9784848156135517
klue-sts-v1_train_08695,4.105363078275971
klue-sts-v1_train_05282,1.2277005994493313
klue-sts-v1_train_00960,3.8140083215575284
klue-sts-v1_train_02127,3.8721638989598888
klue-sts-v1_train_04598,1.396732517185716
klue-sts-v1_train_00883,2.2784889702328863
klue-sts-v1_train_10798,4.783760316099424
klue-sts-v1_train_08247,2.16329704052344
klue-sts-v1_train_00799,3.6416988362067233
klue-sts-v1_train_05138,3.816272344938307
klue-sts-v1_train_01208,0.21709890274142352
klue-sts-v1_train_01393,0.6807445098285625
klue-sts-v1_train_03859,1.3984188297116815
klue-sts-v1_train_04509,0.3315993562291411
klue-sts-v1_train_07953,0.4137426178291393
klue-sts-v1_train_01427,0.10940841023405296
klue-sts-v1_train_04292,3.2315070714046312
klue-sts-v1_train_04007,0.07975985079261931
klue-sts-v1_train_11198,0.3299088257141932
klue-sts-v1_train_03482,1.1574466428666437
klue-sts-v1_train_02184,3.952199063554583
klue-sts-v1_train_01697,3.8217076277594573
klue-sts-v1_train_10007,1.7088220880124108
klue-sts-v1_train_01160,4.321639181135
klue-sts-v1_train_07163,0.3529902517635798
klue-sts-v1_train_09370,3.50775297842522
klue-sts-v1_train_06415,0.2607708816251925
klue-sts-v1_train_07591,3.958523261044307
klue-sts-v1_train_00586,4.055459007798387
klue-sts-v1_train_11262,4.0400222332426265
klue-sts-v1_train_06123,0.19877345638215832
klue-sts-v1_train_09332,0.305544732960084
klue-sts-v1_train_04089,0.1767586136180634
klue-sts-v1_train_03646,4.011645401145797
klue-sts-v1_train_05985,3.8627053260150475
klue-sts-v1_train_08971,3.927458271283232
klue-sts-v1_train_01147,0.16272570524390573
klue-sts-v1_train_10707,3.2936607338123274
klue-sts-v1_train_09989,3.5075438587690444
klue-sts-v1_train_02759,2.395877387158924
klue-sts-v1_train_09790,2.9526267073731396
klue-sts-v1_train_04139,4.0051104853410076
klue-sts-v1_train_06678,3.917920283375656
klue-sts-v1_train_08985,0.9099986994958835
klue-sts-v1_train_04080,4.04245387664075
klue-sts-v1_train_02483,1.2164665402734594
klue-sts-v1_train_07169,0.12383345974114156
klue-sts-v1_train_07492,4.830153510411723
klue-sts-v1_train_09904,0.08666405842717564
klue-sts-v1_train_06434,3.03281376418722
klue-sts-v1_train_02760,4.059397844762195
klue-sts-v1_train_00103,0.1964809522639504
klue-sts-v1_train_09023,3.3766625849386576
klue-sts-v1_train_07600,2.5357394677355365
klue-sts-v1_train_05664,4.3016796031139934
klue-sts-v1_train_11230,3.3762836478621505
klue-sts-v1_train_09393,3.7581687851606724
klue-sts-v1_train_08560,4.234390312204101
klue-sts-v1_train_10070,0.3500554301599957
klue-sts-v1_train_07103,0.028583549079566315
klue-sts-v1_train_03991,0.5756886292068224
klue-sts-v1_train_03011,2.7821464338737236
klue-sts-v1_train_06757,0.26670692311614885
klue-sts-v1_train_07144,3.3767462855286405
klue-sts-v1_train_04896,0.13078574480952104
klue-sts-v1_train_00291,0.11602597630212133
klue-sts-v1_train_05226,4.082891129398234
klue-sts-v1_train_08813,0.33332830327897195
klue-sts-v1_train_08572,2.8688453135445284
klue-sts-v1_train_04884,0.9344489235997587
klue-sts-v1_train_02455,3.3329903441453856
klue-sts-v1_train_06739,4.503926579469211
klue-sts-v1_train_03689,0.23461061327134408
klue-sts-v1_train_05608,3.5824023795744404
klue-sts-v1_train_02245,3.763308133627538
klue-sts-v1_train_01807,0.8952944441267672
klue-sts-v1_train_08965,0.1727904676272401
klue-sts-v1_train_02252,0.1765468137392514
klue-sts-v1_train_07092,0.528334432878744
klue-sts-v1_train_11511,3.464327556864826
klue-sts-v1_train_10832,0.4127360947503822
klue-sts-v1_train_08323,3.2062146116695565
klue-sts-v1_train_03949,0.3511757646753435
klue-sts-v1_train_02232,3.8960422215385453
klue-sts-v1_train_06400,3.8160386722983484
klue-sts-v1_train_05003,3.910278147321288
klue-sts-v1_train_02377,3.1186149068898548
klue-sts-v1_train_10975,4.228241818300594
klue-sts-v1_train_03372,4.120919862904723
klue-sts-v1_train_04985,1.0295804217879476
klue-sts-v1_train_07601,0.03159260023648653
klue-sts-v1_train_02910,3.738511084427028
klue-sts-v1_train_06167,0.1037665149009413
klue-sts-v1_train_05176,3.213083496864575
klue-sts-v1_train_00621,0.07136115418608303
klue-sts-v1_train_04477,2.945001491127339
klue-sts-v1_train_09267,0.2527262702399541
klue-sts-v1_train_09601,0.20073985811124576
klue-sts-v1_train_11625,3.4841404226117314
klue-sts-v1_train_02154,2.895059105239361
klue-sts-v1_train_02816,4.144256292571764
klue-sts-v1_train_01670,3.6657527031170103
klue-sts-v1_train_00265,2.1317807399168993
klue-sts-v1_train_05459,0.1074770084757624
klue-sts-v1_train_04352,4.27719685784087
klue-sts-v1_train_10596,3.9757658763502595
klue-sts-v1_train_02909,2.5432080814095865
klue-sts-v1_train_03857,3.767530262047141
klue-sts-v1_train_07337,0.04738246091064492
klue-sts-v1_train_06338,4.06004048877919
klue-sts-v1_train_03541,0.5883975598358369
klue-sts-v1_train_01953,3.6096603431579553
klue-sts-v1_train_04842,4.072487919255033
klue-sts-v1_train_03649,4.002133544218115
klue-sts-v1_train_11249,3.7593276358689653
klue-sts-v1_train_10570,3.551911398486495
klue-sts-v1_train_00259,4.397072637122344
klue-sts-v1_train_08090,2.925761258163403
klue-sts-v1_train_09398,0.031012788805329282
klue-sts-v1_train_10496,3.63606042564533
klue-sts-v1_train_04721,2.4835466313687267
klue-sts-v1_train_00756,1.2868576194936083
klue-sts-v1_train_05288,2.886969057735924
klue-sts-v1_train_06880,0.4242362364517638
klue-sts-v1_train_03115,3.2696644510849824
klue-sts-v1_train_07252,3.0266560282648456
klue-sts-v1_train_11628,0.632276195707077
klue-sts-v1_train_10244,3.4347122227278835
klue-sts-v1_train_10973,3.369920792893218
klue-sts-v1_train_06485,0.5073801770192796
klue-sts-v1_train_10243,3.516330708685542
klue-sts-v1_train_00694,3.6779877209004432
klue-sts-v1_train_09915,0.404975848598349
klue-sts-v1_train_10356,2.942232685842975
klue-sts-v1_train_02564,2.145971323898839
klue-sts-v1_train_07288,0.10922337040121896
klue-sts-v1_train_10618,3.132487203707516
klue-sts-v1_train_06753,0.024298084839366595
klue-sts-v1_train_03378,2.8471249059259005
klue-sts-v1_train_05235,2.9783775702224746
klue-sts-v1_train_10010,0.7471616486735457
klue-sts-v1_train_10333,0.033976757526710144
klue-sts-v1_train_09015,0.6697044618048792
klue-sts-v1_train_10722,3.894746914713088
klue-sts-v1_train_05328,3.309394365163096
klue-sts-v1_train_05071,4.787697591165844
klue-sts-v1_train_03703,3.748398154461282
klue-sts-v1_train_04681,4.3621713953873
klue-sts-v1_train_04339,0.10838202404204593
klue-sts-v1_train_11507,3.6928128302975085
klue-sts-v1_train_06839,3.9688915139389924
klue-sts-v1_train_02847,1.8289549067242725
klue-sts-v1_train_04914,0.5123457862381493
klue-sts-v1_train_01237,0.10663277068377619
klue-sts-v1_train_09599,0.6432507485799888
klue-sts-v1_train_03274,0.07634113148243266
klue-sts-v1_train_07146,1.042665544062309
klue-sts-v1_train_10657,2.235474974546543
klue-sts-v1_train_08568,0.4156780745999744
klue-sts-v1_train_04404,1.8864827461885438
klue-sts-v1_train_01523,3.62601455029159
klue-sts-v1_train_01608,0.09428647003643759
klue-sts-v1_train_04607,1.449485319876083
klue-sts-v1_train_05563,0.436620816002947
klue-sts-v1_train_07290,3.2937178177012942
klue-sts-v1_train_01720,0.2588953462240353
klue-sts-v1_train_09073,4.094566616011878
klue-sts-v1_train_01730,4.036151404196138
klue-sts-v1_train_03002,4.037519186369671
klue-sts-v1_train_11459,3.906758211233739
klue-sts-v1_train_05491,0.19127155174557312
klue-sts-v1_train_01061,0.26372139507543507
klue-sts-v1_train_11269,3.412333926106636
klue-sts-v1_train_07324,3.3323242642729127
klue-sts-v1_train_01254,0.6645716422373141
klue-sts-v1_train_00952,0.4988869465398824
klue-sts-v1_train_07988,2.385415144736586
klue-sts-v1_train_07051,0.01609461961737062
klue-sts-v1_train_06952,3.529788026617001
klue-sts-v1_train_01118,3.095264951924886
klue-sts-v1_train_07078,1.5981479667906204
klue-sts-v1_train_08994,3.929293704113732
klue-sts-v1_train_02992,0.35691276994248966
klue-sts-v1_train_03669,0.4284975235479214
klue-sts-v1_train_06343,4.154827518479006
klue-sts-v1_train_02214,3.3432620545407437
klue-sts-v1_train_02325,4.07601309113576
klue-sts-v1_train_10278,2.737156827305287
klue-sts-v1_train_01805,3.4596844526023185
klue-sts-v1_train_03048,3.097450579288105
klue-sts-v1_train_09189,3.959827267307663
klue-sts-v1_train_02168,0.6423849248315754
klue-sts-v1_train_04345,0.21213792605482953
klue-sts-v1_train_04049,0.15837890759039286
klue-sts-v1_train_11337,3.883450812463961
klue-sts-v1_train_01056,0.1123469007889985
klue-sts-v1_train_04040,3.822742579313525
klue-sts-v1_train_07755,4.386562586650101
klue-sts-v1_train_03094,4.006201533822896
klue-sts-v1_train_05763,0.7904939935608892
klue-sts-v1_train_05882,0.05938149701347445
klue-sts-v1_train_06149,3.8466569607937897
klue-sts-v1_train_00008,0.049076147808200216
klue-sts-v1_train_03461,0.4195361733299101
klue-sts-v1_train_05666,3.935902533773902
klue-sts-v1_train_03307,2.697839624838033
klue-sts-v1_train_06248,4.739889304459686
klue-sts-v1_train_00096,1.0254504283207535
klue-sts-v1_train_05537,0.16571416130719285
klue-sts-v1_train_00426,0.47838873920832303
klue-sts-v1_train_07709,0.03901000264864084
klue-sts-v1_train_05218,3.8433058925075385
klue-sts-v1_train_04291,0.5775097779602942
klue-sts-v1_train_10643,0.33550553300734387
klue-sts-v1_train_02054,0.05951475613688631
klue-sts-v1_train_04845,0.18370500578914356
klue-sts-v1_train_10180,0.04144742088755629
klue-sts-v1_train_05357,0.05953936541977509
klue-sts-v1_train_00979,4.195722572953511
klue-sts-v1_train_01042,2.59375282603182
klue-sts-v1_train_08191,0.9648642406342463
klue-sts-v1_train_09652,0.11500841951109812
klue-sts-v1_train_07433,0.04073258609457468
klue-sts-v1_train_02791,0.3812468456897675
klue-sts-v1_train_05382,0.4634193814746178
klue-sts-v1_train_04747,2.033719516973695
klue-sts-v1_train_04707,0.366651277520096
klue-sts-v1_train_01516,2.6320106894659503
klue-sts-v1_train_00582,3.354016092247494
klue-sts-v1_train_11319,0.49022668744088854
klue-sts-v1_train_05149,3.121854289322597
klue-sts-v1_train_06758,3.704521739827449
klue-sts-v1_train_07347,4.112230419342634
klue-sts-v1_train_00003,0.42691976170460055
klue-sts-v1_train_04347,3.2820190541874084
klue-sts-v1_train_00410,0.16738424727046902
klue-sts-v1_train_10771,0.05114063472403381
klue-sts-v1_train_09551,3.924441409953234
klue-sts-v1_train_02503,3.9919154858208983
klue-sts-v1_train_09142,0.05474976056412978
klue-sts-v1_train_02057,1.2463095397530861
klue-sts-v1_train_06965,4.14444919843733
klue-sts-v1_train_00263,0.26695843438549494
klue-sts-v1_train_11453,2.6506547781660483
klue-sts-v1_train_00439,0.33551171731265683
klue-sts-v1_train_08644,3.422699286389287
klue-sts-v1_train_08811,4.033419558844656
klue-sts-v1_train_04303,3.302470507120063
klue-sts-v1_train_10933,3.055597443547923
klue-sts-v1_train_01107,4.262298913635661
klue-sts-v1_train_02406,1.4419176572472876
klue-sts-v1_train_03827,0.0919585818298945
klue-sts-v1_train_09162,0.4747887220406902
klue-sts-v1_train_00088,0.038234058669924464
klue-sts-v1_train_08840,1.353159170986906
klue-sts-v1_train_06510,0.7737736739282184
klue-sts-v1_train_03295,4.233527706061443
klue-sts-v1_train_01793,0.048187540702058204
klue-sts-v1_train_03595,0.7406830810648729
klue-sts-v1_train_00274,0.23832134564497132
klue-sts-v1_train_01281,3.7747902577479806
klue-sts-v1_train_03234,3.4367954966170293
klue-sts-v1_train_02036,0.04999421847840856
klue-sts-v1_train_04991,3.488935556652507
klue-sts-v1_train_04415,0.4289536906186709
klue-sts-v1_train_07966,0.16328220961420842
klue-sts-v1_train_11395,1.0793086949637307
klue-sts-v1_train_01965,0.08305727414698999
klue-sts-v1_train_02922,0.16523359002183094
klue-sts-v1_train_04989,0.06083499297694108
klue-sts-v1_train_00415,3.7389861497373325
klue-sts-v1_train_03031,1.9518708809739742
klue-sts-v1_train_02391,1.3499699309715663
klue-sts-v1_train_07159,2.0785590594787955
klue-sts-v1_train_10561,0.16529625526752786
klue-sts-v1_train_05888,0.3246451037105109
klue-sts-v1_train_10780,0.25091991176753403
klue-sts-v1_train_00710,1.2405028055540632
klue-sts-v1_train_03746,3.2733744532171776
klue-sts-v1_train_00407,4.10378376708089
klue-sts-v1_train_04560,3.895646075998382
klue-sts-v1_train_10131,0.1640464344731946
klue-sts-v1_train_04081,0.04394548852674739
klue-sts-v1_train_02974,3.012810163622532
klue-sts-v1_train_08332,4.221537827622157
klue-sts-v1_train_09421,3.370973042836823
klue-sts-v1_train_07751,3.9731121041863
klue-sts-v1_train_08396,3.1826588430281975
klue-sts-v1_train_08416,4.120011633812476
klue-sts-v1_train_10102,1.7923893710046344
klue-sts-v1_train_07876,1.769388584866586
klue-sts-v1_train_04716,4.137715343142398
klue-sts-v1_train_05120,0.06495697309386435
klue-sts-v1_train_02239,0.17581304693842664
klue-sts-v1_train_03538,4.590611749767667
klue-sts-v1_train_02742,4.223573106262327
klue-sts-v1_train_11523,3.9243324789130516
klue-sts-v1_train_02527,3.6405695178398565
klue-sts-v1_train_01110,0.37622190523789467
klue-sts-v1_train_09589,2.994391249672133
klue-sts-v1_train_01406,2.07485639376089
klue-sts-v1_train_11063,4.199449839521876
klue-sts-v1_train_02422,3.9381839212638794
klue-sts-v1_train_03508,2.8446213940415195
klue-sts-v1_train_09104,4.1025446462631425
klue-sts-v1_train_05111,3.6015468969411155
klue-sts-v1_train_07191,0.1751599524641063
klue-sts-v1_train_08604,3.0852575881093296
klue-sts-v1_train_09147,4.232428971467404
klue-sts-v1_train_10753,0.017686827980152014
klue-sts-v1_train_08817,3.86444089183464
klue-sts-v1_train_08094,3.8037613717800474
klue-sts-v1_train_00633,3.33349204169664
klue-sts-v1_train_06323,0.3877231855810578
klue-sts-v1_train_03822,3.8872937247498784
klue-sts-v1_train_07640,3.955322692826341
klue-sts-v1_train_09173,3.282225457009767
klue-sts-v1_train_06857,0.14703549390328363
klue-sts-v1_train_00131,4.069198088885123
klue-sts-v1_train_00455,3.1869923693044733
klue-sts-v1_train_09193,2.9397360705266404
klue-sts-v1_train_01617,0.03394187444638526
klue-sts-v1_train_10590,0.5752943118878866
klue-sts-v1_train_00774,0.2426602936346422
klue-sts-v1_train_10806,3.519766766849444
klue-sts-v1_train_00311,0.6931028312849223
klue-sts-v1_train_03231,0.018635959379861226
klue-sts-v1_train_04755,3.115437681166741
klue-sts-v1_train_07289,3.7583268389656417
klue-sts-v1_train_00469,3.9048096224723396
klue-sts-v1_train_02685,0.1350259693889424
klue-sts-v1_train_01350,4.180664144910207
klue-sts-v1_train_07908,0.04901131569227449
klue-sts-v1_train_07388,1.9165153795461642
klue-sts-v1_train_07707,3.714477608960906
klue-sts-v1_train_00247,3.958906128253441
klue-sts-v1_train_00993,0.3512299325294008
klue-sts-v1_train_00736,0.016924197158938066
klue-sts-v1_train_09075,3.764992908671949
klue-sts-v1_train_01701,3.5091789982281165
klue-sts-v1_train_09767,3.651079651734105
klue-sts-v1_train_09746,2.487669552355629
klue-sts-v1_train_08481,0.2981008916405049
klue-sts-v1_train_00563,0.08754371449095566
klue-sts-v1_train_09346,4.506469102442751
klue-sts-v1_train_11558,0.21562049763074215
klue-sts-v1_train_04385,4.038491794161702
klue-sts-v1_train_03635,0.8209901012408897
klue-sts-v1_train_04880,3.4085966998114285
klue-sts-v1_train_10364,2.460790280175885
klue-sts-v1_train_02589,0.10682273096829639
klue-sts-v1_train_09607,3.534136304382744
klue-sts-v1_train_04833,3.068702156916136
klue-sts-v1_train_06083,0.8426188488603898
klue-sts-v1_train_02108,0.4900747469387958
klue-sts-v1_train_00079,1.1158943691405496
klue-sts-v1_train_10938,0.8821063049638797
klue-sts-v1_train_00796,3.7695065386764033
klue-sts-v1_train_01643,4.31155317527181
klue-sts-v1_train_09381,0.687621826758311
klue-sts-v1_train_08689,0.008900165313012957
klue-sts-v1_train_10653,3.860764068692828
klue-sts-v1_train_10444,3.617733919408878
klue-sts-v1_train_08450,4.187716887630041
klue-sts-v1_train_06847,0.0934087580069387
klue-sts-v1_train_07318,3.394125370863615
klue-sts-v1_train_02439,0.06364306977098655
klue-sts-v1_train_04963,4.043226841019031
klue-sts-v1_train_07391,0.04582540429466691
klue-sts-v1_train_10196,3.3737369029686635
klue-sts-v1_train_05762,3.6205454692964256
klue-sts-v1_train_00333,0.018830757406508407
klue-sts-v1_train_02592,0.06568561545546923
klue-sts-v1_train_06206,4.1235065385775815
klue-sts-v1_train_09839,3.5868603680302664
klue-sts-v1_train_01084,2.7597672267255002
klue-sts-v1_train_04902,0.10717385705412816
klue-sts-v1_train_00450,3.418384041421141
klue-sts-v1_train_07180,3.8885549828111206
klue-sts-v1_train_10140,1.232479194738353
klue-sts-v1_train_02609,3.8732470932012877
klue-sts-v1_train_00293,0.18251763273820087
klue-sts-v1_train_01250,4.175275969566243
klue-sts-v1_train_01145,2.5589610294651113
klue-sts-v1_train_10296,0.9460930485980742
klue-sts-v1_train_05035,3.941031532338088
klue-sts-v1_train_03160,3.6145724419646723
klue-sts-v1_train_08872,0.13066672529040976
klue-sts-v1_train_10922,4.318200619470048
klue-sts-v1_train_08613,0.4858095042843718
klue-sts-v1_train_07969,0.279003290239788
klue-sts-v1_train_08606,0.029290282197847652
klue-sts-v1_train_06759,3.4390189674994236
klue-sts-v1_train_00852,1.1577919795392426
klue-sts-v1_train_01494,0.36772897491792206
klue-sts-v1_train_09648,2.209104400866596
klue-sts-v1_train_08131,0.4764359695571457
klue-sts-v1_train_09214,1.9296317524295588
klue-sts-v1_train_05180,4.108367553173146
klue-sts-v1_train_07978,1.7818213328161006
klue-sts-v1_train_04890,0.15907641887329993
klue-sts-v1_train_04459,0.13696953573351967
klue-sts-v1_train_00188,4.143158361135953
klue-sts-v1_train_01123,0.8242638709027261
klue-sts-v1_train_08480,0.45282598554114417
klue-sts-v1_train_06925,4.106235670213236
klue-sts-v1_train_06255,3.242641888302475
klue-sts-v1_train_11660,3.208515445914011
klue-sts-v1_train_03684,3.331640984211742
klue-sts-v1_train_10792,3.9690730068339874
klue-sts-v1_train_02012,3.8820738730790243
klue-sts-v1_train_06076,4.035208046782223
klue-sts-v1_train_04802,3.835208961757605
klue-sts-v1_train_00500,3.909119622976963
klue-sts-v1_train_00290,2.270934501483747
klue-sts-v1_train_09852,0.12986903629967478
klue-sts-v1_train_03773,0.10052299862343812
klue-sts-v1_train_07914,3.541291547117676
klue-sts-v1_train_09020,0.1286341865410383
klue-sts-v1_train_05007,4.068472676692595
klue-sts-v1_train_08301,2.493553077257576
klue-sts-v1_train_05403,4.515495785724371
klue-sts-v1_train_00590,3.9886510937244735
klue-sts-v1_train_03315,0.5358164999889125
klue-sts-v1_train_09216,0.3562562771218222
klue-sts-v1_train_05532,3.7321315487781757
klue-sts-v1_train_08588,3.0642800541724204
klue-sts-v1_train_11637,0.3818768096327544
klue-sts-v1_train_05385,1.4278441495739833
klue-sts-v1_train_04794,4.027931866780399
klue-sts-v1_train_01941,3.19587613152747
klue-sts-v1_train_00777,0.0
klue-sts-v1_train_02626,0.10997897897506113
klue-sts-v1_train_00299,0.43320986328523287
klue-sts-v1_train_01090,0.1967191404095415
klue-sts-v1_train_01194,2.5768080926134527
klue-sts-v1_train_07770,3.7809112026876326
klue-sts-v1_train_05362,4.0383208030595545
klue-sts-v1_train_08510,0.13517799081751564
klue-sts-v1_train_06300,1.7588380708199955
klue-sts-v1_train_04343,4.095762125560649
klue-sts-v1_train_00971,3.634575709104647
klue-sts-v1_train_09115,3.2603428037621636
klue-sts-v1_train_02585,3.5385937620357866
klue-sts-v1_train_01113,3.5627584347039614
klue-sts-v1_train_03334,1.7353273988678828
klue-sts-v1_train_03000,0.01824682766999643
klue-sts-v1_train_01592,3.6893875391040805
klue-sts-v1_train_06179,0.09342942457296073
klue-sts-v1_train_08233,3.5491804307754435
klue-sts-v1_train_11260,0.38406770391599204
klue-sts-v1_train_07937,0.07157440345058176
klue-sts-v1_train_01082,0.22978660686320737
klue-sts-v1_train_10025,4.106961173997057
klue-sts-v1_train_06258,3.515656797192086
klue-sts-v1_train_05816,3.903676202618532
klue-sts-v1_train_02879,2.1940026650512383
klue-sts-v1_train_04067,2.036563858218492
klue-sts-v1_train_02664,0.43026957178087527
klue-sts-v1_train_11315,3.9765065580828267
klue-sts-v1_train_09113,3.4281923768604066
klue-sts-v1_train_11232,2.0260557009682927
klue-sts-v1_train_09938,0.12183853479517115
klue-sts-v1_train_05015,3.8443139720821193
klue-sts-v1_train_10053,3.5743462345643886
klue-sts-v1_train_07341,3.904050149721664
klue-sts-v1_train_01671,0.6595444423893702
klue-sts-v1_train_04077,3.5733387570428925
klue-sts-v1_train_01744,0.07626476856235304
klue-sts-v1_train_05589,2.747519271207323
klue-sts-v1_train_05674,3.421033567269582
klue-sts-v1_train_01149,1.9547115129508603
klue-sts-v1_train_04387,2.43331195447142
klue-sts-v1_train_00895,0.00871527023949428
klue-sts-v1_train_05859,1.4171104721684924
klue-sts-v1_train_07333,0.2589699295091411
klue-sts-v1_train_00765,2.818006190125426
klue-sts-v1_train_02516,0.027795924726116132
klue-sts-v1_train_08748,1.8121733478119926
klue-sts-v1_train_05676,3.708693295212314
klue-sts-v1_train_06995,0.08834734558563467
klue-sts-v1_train_10472,3.4523813669382086
klue-sts-v1_train_03013,4.330689060753775
klue-sts-v1_train_05360,0.12483020027495068
klue-sts-v1_train_03079,0.3636837455321308
klue-sts-v1_train_11127,1.2485393686456159
klue-sts-v1_train_05053,0.04383606406311692
klue-sts-v1_train_10386,4.034315159818545
klue-sts-v1_train_03870,3.4081973259747054
klue-sts-v1_train_00565,1.2135254491599836
klue-sts-v1_train_03692,2.0122165172723365
klue-sts-v1_train_03519,0.09460649738175594
klue-sts-v1_train_08719,3.936790080931819
klue-sts-v1_train_06443,0.17908822661634355
klue-sts-v1_train_07403,4.316890449460679
klue-sts-v1_train_01011,3.0772141793581635
klue-sts-v1_train_06069,0.46548408615998527
klue-sts-v1_train_01950,4.009935738597008
klue-sts-v1_train_06867,3.2493750332209466
klue-sts-v1_train_08848,1.268809615215586
klue-sts-v1_train_01766,0.6689124598309573
klue-sts-v1_train_07897,4.1890495309904425
klue-sts-v1_train_09598,0.11801274143742306
klue-sts-v1_train_05549,0.054228876767538986
klue-sts-v1_train_05721,0.8766285310788671
klue-sts-v1_train_04881,2.9484428677956434
klue-sts-v1_train_01952,3.271646134673572
klue-sts-v1_train_11330,3.980653528773258
klue-sts-v1_train_06054,0.10571483656625023
klue-sts-v1_train_06388,0.7260502528581443
klue-sts-v1_train_01984,2.6147861076343366
klue-sts-v1_train_06187,0.06047867314077796
klue-sts-v1_train_04382,4.603616308365705
klue-sts-v1_train_03437,3.8709394371511547
klue-sts-v1_train_07234,3.239631734239375
klue-sts-v1_train_08708,4.153955331683373
klue-sts-v1_train_10702,3.857349412501996
klue-sts-v1_train_01345,0.10321846987879157
klue-sts-v1_train_01444,4.225711855033801
klue-sts-v1_train_05667,3.1239984497657565
klue-sts-v1_train_04587,1.855386758470942
klue-sts-v1_train_02119,4.15204005775457
klue-sts-v1_train_08166,3.547215100602785
klue-sts-v1_train_06162,2.8874899471814492
klue-sts-v1_train_08490,3.710723622842692
klue-sts-v1_train_10318,4.230252185529545
klue-sts-v1_train_01593,1.5814402294795382
klue-sts-v1_train_07139,3.8548109267233666
klue-sts-v1_train_07485,4.208588068101074
klue-sts-v1_train_03617,3.97554310635975
klue-sts-v1_train_05583,0.6524206074504311
klue-sts-v1_train_00080,0.949779291823483
klue-sts-v1_train_02021,0.3080655521231885
klue-sts-v1_train_03616,3.719009339933702
klue-sts-v1_train_00921,4.102318762454893
klue-sts-v1_train_00335,3.614476130799773
klue-sts-v1_train_10604,1.2992244861704343
klue-sts-v1_train_05847,0.011871458914160693
klue-sts-v1_train_01570,3.9604081435075607
klue-sts-v1_train_11648,0.4002840403342988
klue-sts-v1_train_02034,2.0233347182598997
klue-sts-v1_train_01572,4.022482871433112
klue-sts-v1_train_04609,0.19608422250882473
klue-sts-v1_train_03540,1.1328921168929442
klue-sts-v1_train_09395,3.591681390143559
klue-sts-v1_train_04098,1.510718658166168
klue-sts-v1_train_08121,3.803757595639434
klue-sts-v1_train_01509,3.8476545565607365
klue-sts-v1_train_10635,3.0782954678513406
klue-sts-v1_train_06021,3.198111428659585
klue-sts-v1_train_04353,0.06706310386544906
klue-sts-v1_train_06290,0.1718761287772266
klue-sts-v1_train_06075,1.2393205949799149
klue-sts-v1_train_10599,0.6236657874859068
klue-sts-v1_train_10090,0.19257290940225066
klue-sts-v1_train_03975,0.24865664693408296
klue-sts-v1_train_08302,0.38513714044976866
klue-sts-v1_train_00472,1.236142044908887
klue-sts-v1_train_00819,4.154116250475406
klue-sts-v1_train_10142,1.460425051049747
klue-sts-v1_train_09292,0.24765221192368217
klue-sts-v1_train_05492,4.045067712842377
klue-sts-v1_train_06433,1.7522330079824708
klue-sts-v1_train_05061,3.846144224076635
klue-sts-v1_train_10000,1.4189306921224678
klue-sts-v1_train_04680,0.08306921775060018
klue-sts-v1_train_03421,0.04338780436716133
klue-sts-v1_train_09713,1.5756994239271633
klue-sts-v1_train_01183,0.7411663819986802
klue-sts-v1_train_00031,0.19998691007189334
klue-sts-v1_train_11125,0.3268310348221132
klue-sts-v1_train_04381,3.2735832804139835
klue-sts-v1_train_09958,3.6745267691875307
klue-sts-v1_train_09040,3.796379922801341
klue-sts-v1_train_01566,4.034228242493352
klue-sts-v1_train_09868,3.505187668124731
klue-sts-v1_train_07040,3.9320452251224505
klue-sts-v1_train_00073,0.6973457513546765
klue-sts-v1_train_06728,0.36084702304502925
klue-sts-v1_train_03431,0.137969523409145
klue-sts-v1_train_04132,3.0832036748063825
klue-sts-v1_train_07677,0.5467745275856508
klue-sts-v1_train_10837,2.739041601245294
klue-sts-v1_train_07933,3.7820540359836174
klue-sts-v1_train_08722,0.7002854275528547
klue-sts-v1_train_11568,2.1215381707361978
klue-sts-v1_train_02631,4.3883685182333085
klue-sts-v1_train_01111,3.4433755073303725
klue-sts-v1_train_04449,0.25307552018787904
klue-sts-v1_train_03464,3.9125393493568907
klue-sts-v1_train_11359,3.494794242438496
klue-sts-v1_train_02688,3.9497286165769516
klue-sts-v1_train_08249,0.8820066889212483
klue-sts-v1_train_00373,0.5275206377169896
klue-sts-v1_train_09071,4.639159238357713
klue-sts-v1_train_04165,0.0767332700107217
klue-sts-v1_train_10004,3.5599686238056423
klue-sts-v1_train_04245,0.2722367903969432
klue-sts-v1_train_09119,3.8593831977885413
klue-sts-v1_train_06543,0.051487860344015896
klue-sts-v1_train_09343,2.7019930399678653
klue-sts-v1_train_04192,0.25556461720002366
klue-sts-v1_train_11612,3.0292014038847235
klue-sts-v1_train_08431,0.2929238891195439
klue-sts-v1_train_01193,0.13539441266488378
klue-sts-v1_train_00045,0.5157275184542229
klue-sts-v1_train_02882,0.3278448548978583
klue-sts-v1_train_01201,1.7262291811820374
klue-sts-v1_train_09511,4.128914732804283
klue-sts-v1_train_09476,0.47716253881963244
klue-sts-v1_train_02614,0.24241967748719628
klue-sts-v1_train_02678,3.346872386868429
klue-sts-v1_train_07952,0.19346451122455793
klue-sts-v1_train_04975,3.2230792064478466
klue-sts-v1_train_01786,3.1678548714931463
klue-sts-v1_train_05398,3.510414483007337
klue-sts-v1_train_09749,4.197086128139979
klue-sts-v1_train_02899,0.2039157815495467
klue-sts-v1_train_01584,3.9509149477367713
klue-sts-v1_train_10881,0.5285333703008122
klue-sts-v1_train_10328,3.931723520943347
klue-sts-v1_train_09961,1.8628417344435066
klue-sts-v1_train_06699,3.8078092426534442
klue-sts-v1_train_09004,1.98519432852678
klue-sts-v1_train_02655,4.138328952737917
klue-sts-v1_train_03979,4.332024232947555
klue-sts-v1_train_00315,3.2163228212162878
klue-sts-v1_train_10012,1.9048485471442156
klue-sts-v1_train_02388,3.6007384726537235
klue-sts-v1_train_02210,3.103280851649095
klue-sts-v1_train_05325,3.642211223884669
klue-sts-v1_train_07332,3.6292465523377415
klue-sts-v1_train_09121,0.09839442592866107
klue-sts-v1_train_03116,0.10671795764517278
klue-sts-v1_train_05034,3.9251743025446952
klue-sts-v1_train_01472,2.995019851315818
klue-sts-v1_train_06851,0.20249635351691975
klue-sts-v1_train_08342,0.054333335186307216
klue-sts-v1_train_06014,0.1365782863515149
klue-sts-v1_train_07225,0.8821697853467683
klue-sts-v1_train_09772,0.04667007589734683
klue-sts-v1_train_04605,0.0985291598897994
klue-sts-v1_train_05875,3.861468325496036
klue-sts-v1_train_01839,2.2631892396428204
klue-sts-v1_train_08339,4.041791695310539
klue-sts-v1_train_01351,1.7037019799859825
klue-sts-v1_train_01071,4.092425648676143
klue-sts-v1_train_04553,4.012868665460651
klue-sts-v1_train_10623,3.778035929541852
klue-sts-v1_train_10844,3.5171289826819088
klue-sts-v1_train_06902,3.631634481838298
klue-sts-v1_train_11547,0.5537824207814769
klue-sts-v1_train_09696,3.713234400121819
klue-sts-v1_train_02142,3.1746294643196356
klue-sts-v1_train_01594,3.713730069951856
klue-sts-v1_train_03971,3.7731920398423138
klue-sts-v1_train_00409,3.564750838576848
klue-sts-v1_train_09402,4.047840303360791
klue-sts-v1_train_03088,0.4473721502566612
klue-sts-v1_train_07625,3.5561821032966856
klue-sts-v1_train_00576,4.188619897895218
klue-sts-v1_train_07936,3.8145425827600676
klue-sts-v1_train_07590,0.8399417297633613
klue-sts-v1_train_11129,0.32237523456742473
klue-sts-v1_train_06487,3.667364673466299
klue-sts-v1_train_08269,4.1309350263626445
klue-sts-v1_train_11154,3.678099368291468
klue-sts-v1_train_00713,0.1629343070667833
klue-sts-v1_train_05770,0.06967048623801132
klue-sts-v1_train_00937,1.257783680720912
klue-sts-v1_train_08158,3.356234004556415
klue-sts-v1_train_01087,3.29986616967145
klue-sts-v1_train_03509,1.2913526393000812
klue-sts-v1_train_06193,0.648369778381195
klue-sts-v1_train_09029,0.14935468223748116
klue-sts-v1_train_03851,4.169872091125889
klue-sts-v1_train_11327,0.07023004944598588
klue-sts-v1_train_01454,0.026881519125656197
klue-sts-v1_train_10746,0.33852221265737253
klue-sts-v1_train_05572,3.786339736276124
klue-sts-v1_train_00881,3.9095698104460936
klue-sts-v1_train_03463,0.4416839726077889
klue-sts-v1_train_01710,0.41508858041953883
klue-sts-v1_train_02932,0.37713188760811117
klue-sts-v1_train_02290,0.9042640956544181
klue-sts-v1_train_03837,4.187296701663351
klue-sts-v1_train_09980,4.050216325038852
klue-sts-v1_train_06050,0.10186928561398922
klue-sts-v1_train_02301,1.5654218226675487
klue-sts-v1_train_05099,3.821977915051293
klue-sts-v1_train_10475,0.6796368622903014
klue-sts-v1_train_11374,3.745329257419675
klue-sts-v1_train_10042,2.852522089263341
klue-sts-v1_train_09906,4.161973321453019
klue-sts-v1_train_09344,3.987526553575547
klue-sts-v1_train_06797,3.9935435768011103
klue-sts-v1_train_11248,3.603104661419592
klue-sts-v1_train_00532,0.06557327559325381
klue-sts-v1_train_10584,0.03833372038903628
klue-sts-v1_train_02517,3.0849233552426756
klue-sts-v1_train_03128,1.5493514748304131
klue-sts-v1_train_06769,1.6961755450666725
klue-sts-v1_train_03065,0.15443503914758253
klue-sts-v1_train_02519,0.17699949174527263
klue-sts-v1_train_01597,1.137227295206163
klue-sts-v1_train_06315,0.05650615266717339
klue-sts-v1_train_03299,2.769666104818771
klue-sts-v1_train_04844,3.875616667221347
klue-sts-v1_train_05871,2.5390988906595897
klue-sts-v1_train_10828,0.40162261538503163
klue-sts-v1_train_10625,3.518203508620706
klue-sts-v1_train_10339,3.2494412148419034
klue-sts-v1_train_01180,3.4867980694090264
klue-sts-v1_train_07708,3.4653533720042136
klue-sts-v1_train_08769,3.436763673948683
klue-sts-v1_train_07176,0.05300521776180593
klue-sts-v1_train_10105,0.687912718679216
klue-sts-v1_train_00958,0.3851611616300339
klue-sts-v1_train_08978,4.110319566756992
klue-sts-v1_train_06627,2.7342748674026787
klue-sts-v1_train_00733,3.79314987591072
klue-sts-v1_train_06562,0.3906537295872511
klue-sts-v1_train_01188,2.371347143260728
klue-sts-v1_train_10177,3.9050765414071162
klue-sts-v1_train_04329,0.11150105215153362
klue-sts-v1_train_02995,0.1792318102203248
klue-sts-v1_train_10600,4.081452689150499
klue-sts-v1_train_08310,3.301142819713429
klue-sts-v1_train_04702,2.501116183405788
klue-sts-v1_train_10148,1.0070532017727611
klue-sts-v1_train_09898,3.4914022118131927
klue-sts-v1_train_04149,4.340408400873973
klue-sts-v1_train_10925,0.07605086453955287
klue-sts-v1_train_11610,2.260501054129297
klue-sts-v1_train_10304,2.7872729840502335
klue-sts-v1_train_02087,3.9281982310374635
klue-sts-v1_train_10639,3.480684462582746
klue-sts-v1_train_04403,2.9220045678796325
klue-sts-v1_train_01981,2.892754638762235
klue-sts-v1_train_10717,2.3517809744734253
klue-sts-v1_train_05228,3.6598763717922
klue-sts-v1_train_01691,1.0146789666045617
klue-sts-v1_train_00542,0.44180161312016764
klue-sts-v1_train_01210,3.160824032400762
klue-sts-v1_train_03852,1.8806516000339362
klue-sts-v1_train_11241,0.5060351305826428
klue-sts-v1_train_00123,0.8942576020457083
klue-sts-v1_train_04075,2.8518327935722034
klue-sts-v1_train_09813,3.948014393720345
klue-sts-v1_train_04253,0.18659831975749072
klue-sts-v1_train_01578,4.127000307243555
klue-sts-v1_train_05481,3.7658264530906074
klue-sts-v1_train_04710,3.710636804099723
klue-sts-v1_train_02715,0.600523178856079
klue-sts-v1_train_06398,0.0960066887784578
klue-sts-v1_train_01795,2.982284199356119
klue-sts-v1_train_07440,0.09193545847743201
klue-sts-v1_train_08753,3.733749715877593
klue-sts-v1_train_09238,2.4831102278983006
klue-sts-v1_train_08404,3.630663009995051
klue-sts-v1_train_01883,3.5569396681556777
klue-sts-v1_train_11032,3.754148260421406
klue-sts-v1_train_08341,0.3490945237702181
klue-sts-v1_train_07944,4.149658025718239
klue-sts-v1_train_02128,0.09956327785384053
klue-sts-v1_train_04233,3.8894961360364038
klue-sts-v1_train_11178,0.17711185888051598
klue-sts-v1_train_07900,0.8782330735561288
klue-sts-v1_train_01614,0.9406712597575284
klue-sts-v1_train_06108,3.3883717134974205
klue-sts-v1_train_04770,0.12908237512784385
klue-sts-v1_train_09740,0.22310210510094042
klue-sts-v1_train_07794,4.0747557270695705
klue-sts-v1_train_10197,3.943810429660293
klue-sts-v1_train_11321,3.8695044251104243
klue-sts-v1_train_03060,4.001046104503903
klue-sts-v1_train_07522,3.7935863946138775
klue-sts-v1_train_02675,0.16983856075848797
klue-sts-v1_train_02221,1.6270526191178551
klue-sts-v1_train_01891,0.15905012955922088
klue-sts-v1_train_07831,0.35303831376171324
klue-sts-v1_train_05576,2.772592574569669
klue-sts-v1_train_10704,2.5292907795247883
klue-sts-v1_train_00295,3.5429913242397957
klue-sts-v1_train_02960,4.109334080915571
klue-sts-v1_train_03143,3.932795599208988
klue-sts-v1_train_09811,2.951845670309844
klue-sts-v1_train_04127,3.6277890854277084
klue-sts-v1_train_11472,3.8268398748033965
klue-sts-v1_train_08805,4.4011568942807395
klue-sts-v1_train_01785,2.7479523790898948
klue-sts-v1_train_08976,1.6745385927945162
klue-sts-v1_train_00286,0.0781186256330949
klue-sts-v1_train_00210,1.331257679106614
klue-sts-v1_train_09258,1.1324749839486765
klue-sts-v1_train_01758,4.037905845379127
klue-sts-v1_train_04254,0.45232555424285026
klue-sts-v1_train_01284,4.1161313043448775
klue-sts-v1_train_07592,0.07511038220344203
klue-sts-v1_train_01971,3.513798207597422
klue-sts-v1_train_05863,3.8407476744734828
klue-sts-v1_train_09861,0.07798514458624875
klue-sts-v1_train_02884,4.0603963866746975
klue-sts-v1_train_11239,3.4380411019682127
klue-sts-v1_train_07583,0.6137057151155028
klue-sts-v1_train_03547,2.793373199363646
klue-sts-v1_train_06512,3.0308492838899994
klue-sts-v1_train_09271,0.2140814523205264
klue-sts-v1_train_07940,2.381560675450271
klue-sts-v1_train_07336,0.043823773270476124
klue-sts-v1_train_08582,0.04801793772184605
klue-sts-v1_train_00549,3.441100853530334
klue-sts-v1_train_02236,3.4284749474279304
klue-sts-v1_train_02215,0.13415709135150572
klue-sts-v1_train_06148,3.4320661012660425
klue-sts-v1_train_00676,0.8871143751239461
klue-sts-v1_train_08075,0.08394214127939431
klue-sts-v1_train_05417,3.8246604163491487
klue-sts-v1_train_02732,3.5494766875262806
klue-sts-v1_train_03894,0.10690900612574966
klue-sts-v1_train_06001,3.980858065162061
klue-sts-v1_train_10433,3.596888831839821
klue-sts-v1_train_06096,0.3785230370676813
klue-sts-v1_train_02157,2.305551939980134
klue-sts-v1_train_09963,2.451250155937183
klue-sts-v1_train_09676,3.7635850329979386
klue-sts-v1_train_10572,4.139964049940745
klue-sts-v1_train_07665,1.1126417068383212
klue-sts-v1_train_10045,1.283371864052798
klue-sts-v1_train_03132,1.034307703198654
klue-sts-v1_train_10566,3.933092101082891
klue-sts-v1_train_04421,3.6971510177520805
klue-sts-v1_train_03379,0.6997567431076606
klue-sts-v1_train_02174,0.07772794085919543
klue-sts-v1_train_04023,3.8443392821939097
klue-sts-v1_train_06850,1.2169072225462871
klue-sts-v1_train_06983,2.681257027116164
klue-sts-v1_train_03412,2.7959160945969646
klue-sts-v1_train_01432,0.2883685738219235
klue-sts-v1_train_07348,4.050126422182773
klue-sts-v1_train_04742,3.6111356508957235
klue-sts-v1_train_05711,3.390162744899469
klue-sts-v1_train_03349,3.7057286600920385
klue-sts-v1_train_03251,3.7561275193665367
klue-sts-v1_train_03006,3.6006023832352705
klue-sts-v1_train_02864,0.36235341336226934
klue-sts-v1_train_06081,0.03969520330361544
klue-sts-v1_train_05379,3.312525241199083
klue-sts-v1_train_05009,4.1065235173280294
klue-sts-v1_train_03647,0.7417206718435412
klue-sts-v1_train_05135,3.020645089528288
klue-sts-v1_train_05418,0.24396386091558295
klue-sts-v1_train_02216,1.2519835062880456
klue-sts-v1_train_01261,4.173356400864572
klue-sts-v1_train_02943,4.049713506363752
klue-sts-v1_train_06080,1.7145879731622777
klue-sts-v1_train_11275,3.7546779475075587
klue-sts-v1_train_01303,3.799025798301612
klue-sts-v1_train_03325,4.03979668455503
klue-sts-v1_train_05156,2.5785336140778328
klue-sts-v1_train_05337,3.0579753685874467
klue-sts-v1_train_10984,2.0755483617117765
klue-sts-v1_train_11074,0.341928542263672
klue-sts-v1_train_03742,2.249958718331212
klue-sts-v1_train_03941,0.0
klue-sts-v1_train_06669,3.1938330442135756
klue-sts-v1_train_02684,2.993506320561787
klue-sts-v1_train_10783,0.16905284559827924
klue-sts-v1_train_07017,0.1214709108186047
klue-sts-v1_train_06779,0.5579171199456514
klue-sts-v1_train_08225,3.7082120877625147
klue-sts-v1_train_08405,3.90019326832172
klue-sts-v1_train_10615,3.874302496944729
klue-sts-v1_train_01722,0.040918192121991076
klue-sts-v1_train_09677,3.779728281391429
klue-sts-v1_train_07883,0.21022938349981735
klue-sts-v1_train_02876,0.12787861746354443
klue-sts-v1_train_04102,0.3861679829492663
klue-sts-v1_train_06147,4.046515059397671
klue-sts-v1_train_08603,0.08988940918315672
klue-sts-v1_train_06865,2.9364979487441802
klue-sts-v1_train_04397,3.36555684549721
klue-sts-v1_train_06508,2.7415529098483873
klue-sts-v1_train_07157,3.725183941098144
klue-sts-v1_train_03352,0.16312258998883805
klue-sts-v1_train_08902,4.361611230684598
klue-sts-v1_train_04641,3.482128815357995
klue-sts-v1_train_00467,4.270305360194055
klue-sts-v1_train_08419,0.06694736240735887
klue-sts-v1_train_07310,3.2415521839564576
klue-sts-v1_train_02344,3.4003696496151257
klue-sts-v1_train_00106,3.0965185757149163
klue-sts-v1_train_08909,0.6134451149448615
klue-sts-v1_train_10312,3.6200203898255046
klue-sts-v1_train_03038,0.9858493296993109
klue-sts-v1_train_04995,0.21075827630004568
klue-sts-v1_train_00411,3.486800696577691
klue-sts-v1_train_05516,3.473417595456309
klue-sts-v1_train_06365,4.105243968660678
klue-sts-v1_train_09873,3.161964849348723
klue-sts-v1_train_03710,3.7943956416615965
klue-sts-v1_train_03118,3.7459711281731263
klue-sts-v1_train_04977,1.6956556864358587
klue-sts-v1_train_05787,3.5084852879434894
klue-sts-v1_train_04879,0.4819958164200087
klue-sts-v1_train_05210,0.27955186470456317
klue-sts-v1_train_09403,0.04754706700721144
klue-sts-v1_train_03688,0.0416000765096593
klue-sts-v1_train_06044,3.036977034801012
klue-sts-v1_train_09231,0.07812413474216576
klue-sts-v1_train_10425,1.8196128063786057
klue-sts-v1_train_01862,3.8717676863973676
klue-sts-v1_train_04684,0.10117413374859019
klue-sts-v1_train_10255,1.0549525401119668
klue-sts-v1_train_09777,2.6848651205022174
klue-sts-v1_train_07149,3.2543057443222505
klue-sts-v1_train_04417,1.7812003103401013
klue-sts-v1_train_00029,1.0721068225327515
klue-sts-v1_train_07719,0.13789075336287998
klue-sts-v1_train_08600,3.575237976584405
klue-sts-v1_train_03527,2.9706193309379865
klue-sts-v1_train_00568,3.810554787228882
klue-sts-v1_train_08885,0.2799834522683033
klue-sts-v1_train_10285,0.030852300468302903
klue-sts-v1_train_01245,3.692514510384079
klue-sts-v1_train_05264,4.154233906533533
klue-sts-v1_train_01458,4.215679028206157
klue-sts-v1_train_07001,4.35890647374084
klue-sts-v1_train_01835,0.9777473394312708
klue-sts-v1_train_00316,0.1441500457043352
klue-sts-v1_train_00108,1.332224053502421
klue-sts-v1_train_05937,0.0825205309831269
klue-sts-v1_train_04256,1.0465645513742223
klue-sts-v1_train_04540,4.055685554061197
klue-sts-v1_train_10078,3.830062520854119
klue-sts-v1_train_06607,0.3710585383440909
klue-sts-v1_train_11414,3.8462971330028886
klue-sts-v1_train_10883,4.250629048326901
klue-sts-v1_train_02392,1.2132228739870206
klue-sts-v1_train_02407,3.5983900824409907
klue-sts-v1_train_07879,0.036707562471943796
klue-sts-v1_train_05426,3.6789289973507238
klue-sts-v1_train_03329,3.556953103672771
klue-sts-v1_train_09051,0.09385784012225257
klue-sts-v1_train_06152,0.02996755173485346
klue-sts-v1_train_10835,1.4936442727733892
klue-sts-v1_train_03794,3.350288330821559
klue-sts-v1_train_08328,3.1435324683493726
klue-sts-v1_train_05130,0.03424876721886598
klue-sts-v1_train_03003,3.0615603479137325
klue-sts-v1_train_00973,3.77883682167254
klue-sts-v1_train_02412,1.3732991638792988
klue-sts-v1_train_04782,3.4821351416246036
klue-sts-v1_train_06524,0.11299776470550059
klue-sts-v1_train_02444,2.5015896720062782
klue-sts-v1_train_04454,3.8580418689669136
klue-sts-v1_train_06840,1.207404341380828
klue-sts-v1_train_05613,0.6643327765279432
klue-sts-v1_train_01374,4.3827472374446
klue-sts-v1_train_03942,3.5223151516384963
klue-sts-v1_train_02927,0.08276733921988744
klue-sts-v1_train_07030,0.106631384017778
klue-sts-v1_train_00010,0.077836586436303
klue-sts-v1_train_02820,4.311026703361184
klue-sts-v1_train_10928,0.05986202133341546
klue-sts-v1_train_03728,3.5634380887535646
klue-sts-v1_train_10066,0.15982347312187595
klue-sts-v1_train_07930,0.3644511485267869
klue-sts-v1_train_10394,3.2892006683220902
klue-sts-v1_train_00718,4.165668426460025
klue-sts-v1_train_05582,2.1123963786308577
klue-sts-v1_train_03034,2.4457527455958994
klue-sts-v1_train_08483,3.65093425201103
klue-sts-v1_train_00735,4.2242916991078925
klue-sts-v1_train_04504,0.2359313314185864
klue-sts-v1_train_09517,0.030728045564606968
klue-sts-v1_train_02651,4.247859961780666
klue-sts-v1_train_04952,0.2930986279995702
klue-sts-v1_train_04519,3.9238850425618965
klue-sts-v1_train_00909,3.7725486624204576
klue-sts-v1_train_08839,4.5775208231897695
klue-sts-v1_train_00496,1.7636978940661119
klue-sts-v1_train_08917,3.4519151325402517
klue-sts-v1_train_07787,0.23472795681997802
klue-sts-v1_train_09462,2.9189007654627583
klue-sts-v1_train_06529,4.077488116957337
klue-sts-v1_train_01206,0.08719273984631562
klue-sts-v1_train_09377,0.4099704793272252
klue-sts-v1_train_10646,0.5854219454679246
klue-sts-v1_train_07283,3.8438825289062404
klue-sts-v1_train_01195,3.695015846244839
klue-sts-v1_train_05961,0.8701950600680941
klue-sts-v1_train_10086,0.19797213099034877
klue-sts-v1_train_05125,3.2448229483708864
klue-sts-v1_train_08897,2.0183298501773432
klue-sts-v1_train_07926,0.2462239317753638
klue-sts-v1_train_07346,4.431365042576476
klue-sts-v1_train_07306,0.3983305410584441
klue-sts-v1_train_00288,3.5101047064729176
klue-sts-v1_train_10124,3.8967533309499753
klue-sts-v1_train_10456,3.8204918486242656
klue-sts-v1_train_10317,4.101389346303192
klue-sts-v1_train_05609,0.12722599316468616
klue-sts-v1_train_00388,0.48531541131108086
klue-sts-v1_train_00836,3.047198673294057
klue-sts-v1_train_09965,3.4239761170795386
klue-sts-v1_train_09330,3.971550439945866
klue-sts-v1_train_08829,0.0801737908701285
klue-sts-v1_train_02201,4.271065560235049
klue-sts-v1_train_10629,0.23064699665405605
klue-sts-v1_train_04948,0.15709963446511271
klue-sts-v1_train_05566,0.7936892389958075
klue-sts-v1_train_01112,0.2576021086154764
klue-sts-v1_train_09684,0.17232196086326956
klue-sts-v1_train_09799,0.06739799970145549
klue-sts-v1_train_09595,4.022598898043955
klue-sts-v1_train_05955,2.977381563797133
klue-sts-v1_train_04442,1.3171124709199997
klue-sts-v1_train_09913,3.4707963470756074
klue-sts-v1_train_00267,0.6726807508008592
klue-sts-v1_train_08995,0.07392590451110026
klue-sts-v1_train_05814,0.22469553568873002
klue-sts-v1_train_05646,3.756003445038882
klue-sts-v1_train_10690,0.1057482689556547
klue-sts-v1_train_08354,0.28128042758060423
klue-sts-v1_train_04518,0.15817127243590884
klue-sts-v1_train_04687,4.146274017694587
klue-sts-v1_train_11454,1.4313170022086927
klue-sts-v1_train_06227,0.4051960036980291
klue-sts-v1_train_04092,0.9860424156103498
klue-sts-v1_train_09237,1.40799416035836
klue-sts-v1_train_11209,0.1717986555168616
klue-sts-v1_train_00416,0.14361020897788143
klue-sts-v1_train_03912,3.996051059967521
klue-sts-v1_train_01962,3.2792510873704206
klue-sts-v1_train_00620,1.5318172612603624
klue-sts-v1_train_01703,2.9732464458291776
klue-sts-v1_train_11579,4.019141823322629
klue-sts-v1_train_05654,3.5162203362742535
klue-sts-v1_train_08610,1.7808139447082438
klue-sts-v1_train_08883,0.2818904757960708
klue-sts-v1_train_06282,4.067824218273258
klue-sts-v1_train_03578,0.2739637630315092
klue-sts-v1_train_04012,0.5770418809027686
klue-sts-v1_train_01190,4.128931795761647
klue-sts-v1_train_09602,4.358903714827186
klue-sts-v1_train_06935,1.046515171012435
klue-sts-v1_train_03724,3.7345865064882773
klue-sts-v1_train_06592,0.37057109998517196
klue-sts-v1_train_10439,3.734329043440213
klue-sts-v1_train_09316,0.05616208345500443
klue-sts-v1_train_05969,3.734870914981528
klue-sts-v1_train_01506,3.7837385312310916
klue-sts-v1_train_02627,2.690446985183132
klue-sts-v1_train_03418,2.9756061614726015
klue-sts-v1_train_05689,0.0833383858431002
klue-sts-v1_train_08536,0.7295431996991171
klue-sts-v1_train_08385,2.0850294708259653
klue-sts-v1_train_11380,0.025986389436498003
klue-sts-v1_train_00794,0.2321267162837009
klue-sts-v1_train_00730,0.46382308887789436
klue-sts-v1_train_06785,0.5601345840010455
klue-sts-v1_train_06553,2.8438595905636372
klue-sts-v1_train_04374,0.28989610190285797
klue-sts-v1_train_09629,0.1122941970939486
klue-sts-v1_train_05123,3.0115748895818895
klue-sts-v1_train_06022,2.896989845648266
klue-sts-v1_train_09118,3.939198141156032
klue-sts-v1_train_05840,0.3973692536476993
klue-sts-v1_train_04269,3.4486458035319547
klue-sts-v1_train_11385,0.5151345098160403
klue-sts-v1_train_02453,4.136614629910755
klue-sts-v1_train_01199,3.8316454012873953
klue-sts-v1_train_05467,3.9315153728240095
klue-sts-v1_train_02471,1.1826676685757795
klue-sts-v1_train_11525,1.3727405211872967
klue-sts-v1_train_11298,3.9013499162276184
klue-sts-v1_train_01889,3.2754981061518147
klue-sts-v1_train_04999,3.30937857637033
klue-sts-v1_train_11300,1.957769290773124
klue-sts-v1_train_00032,0.13169981344496007
klue-sts-v1_train_07631,3.649579533666253
klue-sts-v1_train_06825,4.18315095438151
klue-sts-v1_train_05751,4.044038074876054
klue-sts-v1_train_02638,3.4608240369832317
klue-sts-v1_train_09995,0.05844691005577777
klue-sts-v1_train_05778,0.22041503162522524
klue-sts-v1_train_10907,2.8222743855080727
klue-sts-v1_train_10272,0.0643137888149916
klue-sts-v1_train_07168,2.64128006473916
klue-sts-v1_train_04819,2.742331701730364
klue-sts-v1_train_03544,3.229688077088478
klue-sts-v1_train_08156,3.6469594934127505
klue-sts-v1_train_09199,2.182172794751129
klue-sts-v1_train_03247,4.049844915848165
klue-sts-v1_train_06967,3.846007873071282
klue-sts-v1_train_01486,0.0439946492986719
klue-sts-v1_train_00605,4.1864259131691615
klue-sts-v1_train_05333,4.261683046382153
klue-sts-v1_train_06945,3.9890483642049297
klue-sts-v1_train_01533,3.2333692919268575
klue-sts-v1_train_04450,3.2146091097707856
klue-sts-v1_train_02389,0.11471949583898988
klue-sts-v1_train_03526,2.4429173875310863
klue-sts-v1_train_05236,1.198125328922353
klue-sts-v1_train_02954,0.14355766541782203
klue-sts-v1_train_01330,3.987115917710581
klue-sts-v1_train_03090,2.9782700874220893
klue-sts-v1_train_00957,0.29836174059878384
klue-sts-v1_train_05972,0.9292081826534656
klue-sts-v1_train_05716,3.8233723619708524
klue-sts-v1_train_06425,0.07029598368533925
klue-sts-v1_train_03469,3.4564439580624704
klue-sts-v1_train_11466,3.429895762497373
klue-sts-v1_train_01660,3.147564300388787
klue-sts-v1_train_01026,3.1458891502150106
klue-sts-v1_train_08292,0.1689736396549035
klue-sts-v1_train_01247,4.326500386743939
klue-sts-v1_train_00655,3.5905811439106414
klue-sts-v1_train_00623,1.9847955627283318
klue-sts-v1_train_07058,0.052528727138973955
klue-sts-v1_train_10104,3.63520794079468
klue-sts-v1_train_02199,0.011652789837013922
klue-sts-v1_train_04671,0.23505583758836218
klue-sts-v1_train_08672,1.2851834422313977
klue-sts-v1_train_10144,0.0585099101681437
klue-sts-v1_train_08928,1.7860021054368604
klue-sts-v1_train_02531,0.5185483935040565
klue-sts-v1_train_10949,3.781174808539943
klue-sts-v1_train_09520,3.600922727951733
klue-sts-v1_train_10108,1.6482404035092157
klue-sts-v1_train_06394,4.483083272624658
klue-sts-v1_train_01746,3.307526517021066
klue-sts-v1_train_07370,4.653173706013938
klue-sts-v1_train_03393,3.6077285167463633
klue-sts-v1_train_10508,0.15882351660390265
klue-sts-v1_train_06181,4.283390136567748
klue-sts-v1_train_00076,0.28629334441277415
klue-sts-v1_train_06345,4.025257113679672
klue-sts-v1_train_09661,3.357789694886379
klue-sts-v1_train_07457,0.030998195360863554
klue-sts-v1_train_11005,0.7979042869928656
klue-sts-v1_train_02260,0.11158701674317409
klue-sts-v1_train_01775,4.237205846350067
klue-sts-v1_train_08146,3.5044427999591417
klue-sts-v1_train_00093,3.7742616719097133
klue-sts-v1_train_02420,0.9594845001100512
klue-sts-v1_train_07963,1.4274578924669372
klue-sts-v1_train_10299,3.8052876920852707
klue-sts-v1_train_00714,4.604077604611957
klue-sts-v1_train_01076,1.6276973043295042
klue-sts-v1_train_03061,3.870930560543984
klue-sts-v1_train_10800,0.09652678965244231
klue-sts-v1_train_02015,4.028349346404311
klue-sts-v1_train_01885,1.3184795497129427
klue-sts-v1_train_08169,0.9538411677140987
klue-sts-v1_train_05521,3.250101109864678
klue-sts-v1_train_10468,3.538846909558784
klue-sts-v1_train_01488,0.4364350086137777
klue-sts-v1_train_04828,0.5565014882304002
klue-sts-v1_train_03126,0.05647005422544536
klue-sts-v1_train_07436,0.0
klue-sts-v1_train_03702,3.7067330203201303
klue-sts-v1_train_02948,2.6278417472769435
klue-sts-v1_train_05503,0.10161965912919793
klue-sts-v1_train_02955,0.1918675748338271
klue-sts-v1_train_01437,2.4093786554103156
klue-sts-v1_train_01233,3.7760753347481093
klue-sts-v1_train_00185,3.553355568661168
klue-sts-v1_train_05990,0.035801385774060265
klue-sts-v1_train_02588,3.6630468921078783
klue-sts-v1_train_05650,1.5005987250957462
