id,rented_bike_count
20180919_00,0.0
20180919_01,0.0
20180919_02,0.0
20180919_03,0.0
20180919_04,0.0
20180919_05,0.0
20180919_06,0.0
20180919_07,0.0
20180919_08,0.0
20180919_09,0.0
20180919_10,0.0
20180919_11,0.0
20180919_12,0.0
20180919_13,0.0
20180919_14,0.0
20180919_15,0.0
20180919_16,0.0
20180919_17,0.0
20180919_18,0.0
20180919_19,0.0
20180919_20,0.0
20180919_21,0.0
20180919_22,0.0
20180919_23,0.0
20180920_00,955.2416406359315
20180920_01,694.7097821728752
20180920_02,417.16528686683364
20180920_03,249.6599291155905
20180920_04,163.30957199789606
20180920_05,186.867201306173
20180920_06,245.0794052739947
20180920_07,246.69071995277537
20180920_08,540.3428797667166
20180920_09,327.3279279825438
20180920_10,487.98166666708994
20180920_11,521.1869529283033
20180920_12,497.2423642874262
20180920_13,582.0618682643501
20180920_14,523.6979788404492
20180920_15,813.1478911279997
20180920_16,1068.2590980908726
20180920_17,1661.4230634260862
20180920_18,2321.9083137719063
20180920_19,1982.6627850911007
20180920_20,1771.8254461622123
20180920_21,1379.8109686599876
20180920_22,1057.266859426161
20180920_23,1000.4362312268171
20180921_00,846.6822283371052
20180921_01,627.3350063005072
20180921_02,382.11537798899013
20180921_03,58.57464843355132
20180921_04,53.790637531206
20180921_05,79.13810380849151
20180921_06,188.9897637899307
20180921_07,64.19212874098898
20180921_08,193.71957250974395
20180921_09,260.99234811003424
20180921_10,241.84485185985056
20180921_11,520.9726702839474
20180921_12,508.69487628590446
20180921_13,660.4575176753249
20180921_14,503.6361757660378
20180921_15,1001.2142584382317
20180921_16,1103.2633025930563
20180921_17,1727.0332975839915
20180921_18,2481.0887535622924
20180921_19,1741.924840504464
20180921_20,1746.0520545731263
20180921_21,1673.0633935772985
20180921_22,1481.5623263082207
20180921_23,1223.5382436277418
20180922_00,1070.240246134927
20180922_01,914.2396487475163
20180922_02,661.9850041583854
20180922_03,342.5657965734929
20180922_04,225.5875444123374
20180922_05,35.83460901011327
20180922_06,178.7245920385892
20180922_07,248.9021211934985
20180922_08,664.1761806695336
20180922_09,943.2480420017346
20180922_10,991.9339314854807
20180922_11,1172.4464364773353
20180922_12,1269.4795807382825
20180922_13,1367.3316942545505
20180922_14,1418.833209094968
20180922_15,1502.669934944354
20180922_16,1644.8289024454798
20180922_17,2014.658687534374
20180922_18,2063.8381602028776
20180922_19,1781.6491943559263
20180922_20,1653.65666100668
20180922_21,1632.4540881354271
20180922_22,1428.229914192665
20180922_23,1169.1020387256424
20180923_00,631.2508229463583
20180923_01,533.2583449557322
20180923_02,385.25228172341707
20180923_03,247.27409082324843
20180923_04,168.4743642248115
20180923_05,129.96254737823585
20180923_06,155.54155363038288
20180923_07,205.24295590646244
20180923_08,347.2917952786249
20180923_09,464.72561681629236
20180923_10,506.25987164812375
20180923_11,633.1063897728491
20180923_12,657.5552980498907
20180923_13,752.8349593440604
20180923_14,802.0572327261019
20180923_15,854.5316587612837
20180923_16,858.3760593040304
20180923_17,998.7137849346077
20180923_18,927.5306326442354
20180923_19,860.102657476426
20180923_20,829.228289308426
20180923_21,840.5649894736493
20180923_22,769.1615067453189
20180923_23,684.5602484650422
20180924_00,560.3232384485119
20180924_01,460.6384369055263
20180924_02,260.04632322981274
20180924_03,177.26958149013518
20180924_04,137.93956131405355
20180924_05,146.6319431444281
20180924_06,364.3466322904626
20180924_07,617.4300671995743
20180924_08,925.802218407509
20180924_09,666.5014126482191
20180924_10,578.9425784821609
20180924_11,681.1165901137999
20180924_12,770.3442035654698
20180924_13,775.1299371229236
20180924_14,809.5095332633514
20180924_15,839.1971336258939
20180924_16,1027.0411052540087
20180924_17,1188.427913075206
20180924_18,1290.2807643282733
20180924_19,1101.5150486745983
20180924_20,1058.6472254227156
20180924_21,1003.0734815044821
20180924_22,857.7482621589944
20180924_23,698.2779363887165
20180925_00,618.0414226434282
20180925_01,551.0356210278823
20180925_02,299.1983757975589
20180925_03,201.74865042048668
20180925_04,124.10134076686086
20180925_05,133.05259969804078
20180925_06,322.18504973692677
20180925_07,541.4330547055753
20180925_08,890.7883053198158
20180925_09,670.4111543890441
20180925_10,627.7553115759366
20180925_11,700.0328738636754
20180925_12,805.1940615562894
20180925_13,812.3938275239091
20180925_14,846.6600320419332
20180925_15,861.4139231948116
20180925_16,1054.2009116127597
20180925_17,1222.8529794558008
20180925_18,1360.4576444068496
20180925_19,1200.4239347963908
20180925_20,1169.5590932774985
20180925_21,1080.376661504115
20180925_22,957.067926474198
20180925_23,713.8854730690988
20180926_00,903.7837740381284
20180926_01,668.450689650634
20180926_02,407.0385304488287
20180926_03,276.68035004325645
20180926_04,176.4984919642806
20180926_05,212.567550141506
20180926_06,613.8058220802509
20180926_07,1323.2832994898276
20180926_08,2293.8068414273184
20180926_09,1222.6390949529746
20180926_10,939.2627556910621
20180926_11,988.2314658771702
20180926_12,1166.961243557189
20180926_13,1126.7654246617833
20180926_14,1142.2529618678363
20180926_15,1272.7316153104678
20180926_16,1515.7293584931522
20180926_17,2144.458372728643
20180926_18,2904.9662907281545
20180926_19,2322.921946377178
20180926_20,2111.445294810909
20180926_21,1942.494494481943
20180926_22,1656.8039648839385
20180926_23,1201.060858648521
20180927_00,880.0260495759204
20180927_01,662.6452610646654
20180927_02,431.5967996012077
20180927_03,281.2531769911037
20180927_04,179.1674320820522
20180927_05,210.57424318752186
20180927_06,612.6600233370325
20180927_07,1221.0213689100892
20180927_08,2180.102957676193
20180927_09,1221.9327423477243
20180927_10,851.7474015247351
20180927_11,970.4753730839118
20180927_12,1136.5301250269945
20180927_13,1095.691926844134
20180927_14,1106.4360496409272
20180927_15,1237.9383074875918
20180927_16,1482.2586124365575
20180927_17,2108.1910316006647
20180927_18,2753.9793950998023
20180927_19,2226.0321145241965
20180927_20,2012.4949117212755
20180927_21,1860.492022588895
20180927_22,1604.0116117182001
20180927_23,1159.6023132546588
20180928_00,0.0
20180928_01,0.0
20180928_02,0.0
20180928_03,0.0
20180928_04,0.0
20180928_05,0.0
20180928_06,0.0
20180928_07,0.0
20180928_08,0.0
20180928_09,0.0
20180928_10,0.0
20180928_11,0.0
20180928_12,0.0
20180928_13,0.0
20180928_14,0.0
20180928_15,0.0
20180928_16,0.0
20180928_17,0.0
20180928_18,0.0
20180928_19,0.0
20180928_20,0.0
20180928_21,0.0
20180928_22,0.0
20180928_23,0.0
20180929_00,1113.8292731609595
20180929_01,918.6451974786937
20180929_02,624.2818394441365
20180929_03,462.04083606414963
20180929_04,227.06486243329437
20180929_05,174.24984217736116
20180929_06,298.6821027319365
20180929_07,433.37833106341355
20180929_08,800.7315247120702
20180929_09,956.9339038428486
20180929_10,998.5035563024934
20180929_11,1193.9552522753518
20180929_12,1299.1588390377958
20180929_13,1428.4507680872025
20180929_14,1445.7951560615754
20180929_15,1555.8643905089748
20180929_16,1646.1585884444416
20180929_17,2063.4383327310884
20180929_18,2031.530771276924
20180929_19,1818.4039121976184
20180929_20,1715.573501656394
20180929_21,1660.3149707375792
20180929_22,1470.438905600737
20180929_23,1235.6794542282817
20180930_00,0.0
20180930_01,0.0
20180930_02,0.0
20180930_03,0.0
20180930_04,0.0
20180930_05,0.0
20180930_06,0.0
20180930_07,0.0
20180930_08,0.0
20180930_09,0.0
20180930_10,0.0
20180930_11,0.0
20180930_12,0.0
20180930_13,0.0
20180930_14,0.0
20180930_15,0.0
20180930_16,0.0
20180930_17,0.0
20180930_18,0.0
20180930_19,0.0
20180930_20,0.0
20180930_21,0.0
20180930_22,0.0
20180930_23,0.0
20181001_00,701.2623435157152
20181001_01,485.3772159212033
20181001_02,282.1218090916417
20181001_03,194.6704064553673
20181001_04,152.4619033218661
20181001_05,216.8545127071194
20181001_06,620.7635975128802
20181001_07,1218.2374536176198
20181001_08,2122.5322836132623
20181001_09,1145.0035599602516
20181001_10,825.5842790521675
20181001_11,890.4925099560342
20181001_12,1066.0069643748934
20181001_13,990.8646918991401
20181001_14,1056.9071272601154
20181001_15,1143.1041565234182
20181001_16,1359.4191831520175
20181001_17,1897.9737998546113
20181001_18,2462.038195493259
20181001_19,2131.4291817383223
20181001_20,1859.0385913079758
20181001_21,1465.0673358095073
20181001_22,1344.3507256990795
20181001_23,798.0090598685329
20181002_00,0.0
20181002_01,0.0
20181002_02,0.0
20181002_03,0.0
20181002_04,0.0
20181002_05,0.0
20181002_06,0.0
20181002_07,0.0
20181002_08,0.0
20181002_09,0.0
20181002_10,0.0
20181002_11,0.0
20181002_12,0.0
20181002_13,0.0
20181002_14,0.0
20181002_15,0.0
20181002_16,0.0
20181002_17,0.0
20181002_18,0.0
20181002_19,0.0
20181002_20,0.0
20181002_21,0.0
20181002_22,0.0
20181002_23,0.0
20181003_00,671.771983248875
20181003_01,562.1918884702852
20181003_02,310.16527820698866
20181003_03,223.4771243137331
20181003_04,145.04412738923435
20181003_05,155.64236921806724
20181003_06,364.55213105653263
20181003_07,520.9146343985963
20181003_08,853.1606048472073
20181003_09,631.9392881952089
20181003_10,651.1028796609031
20181003_11,699.009672553859
20181003_12,792.6409296403306
20181003_13,794.8276134032685
20181003_14,834.4170119822262
20181003_15,852.0930931861433
20181003_16,1039.8986120577679
20181003_17,1220.754773210829
20181003_18,1360.9333430575102
20181003_19,1197.5294917070182
20181003_20,1156.1240984954093
20181003_21,1074.9544729917088
20181003_22,997.4570511820996
20181003_23,733.7691928923655
20181004_00,0.0
20181004_01,0.0
20181004_02,0.0
20181004_03,0.0
20181004_04,0.0
20181004_05,0.0
20181004_06,0.0
20181004_07,0.0
20181004_08,0.0
20181004_09,0.0
20181004_10,0.0
20181004_11,0.0
20181004_12,0.0
20181004_13,0.0
20181004_14,0.0
20181004_15,0.0
20181004_16,0.0
20181004_17,0.0
20181004_18,0.0
20181004_19,0.0
20181004_20,0.0
20181004_21,0.0
20181004_22,0.0
20181004_23,0.0
20181005_00,838.8589126020997
20181005_01,627.8607874159654
20181005_02,403.9503255523725
20181005_03,271.7766026953059
20181005_04,187.8764852064432
20181005_05,229.59548426811085
20181005_06,646.6325761289695
20181005_07,1345.91095150444
20181005_08,894.4502699969522
20181005_09,487.6242289928539
20181005_10,165.560941205991
20181005_11,253.73633167408678
20181005_12,169.42813384600097
20181005_13,174.98400182705564
20181005_14,198.80906046173752
20181005_15,117.7233760499056
20181005_16,63.34095500998677
20181005_17,74.85777051657055
20181005_18,196.2433821480128
20181005_19,157.63457342176173
20181005_20,141.54992875519673
20181005_21,148.61577744287183
20181005_22,204.53007414097684
20181005_23,415.15379994353214
20181006_00,0.0
20181006_01,0.0
20181006_02,0.0
20181006_03,0.0
20181006_04,0.0
20181006_05,0.0
20181006_06,0.0
20181006_07,34.22464924173881
20181006_08,39.6246112156892
20181006_09,46.36996964640007
20181006_10,49.85584632976149
20181006_11,171.96526172963036
20181006_12,187.47243425095076
20181006_13,331.3088236951968
20181006_14,1089.919851256814
20181006_15,1280.5547009132483
20181006_16,1514.531008419074
20181006_17,1851.0682075346326
20181006_18,1838.777069092497
20181006_19,1641.3992611598255
20181006_20,1613.3045851818022
20181006_21,1557.2991680290238
20181006_22,1356.2876757698446
20181006_23,1080.2270979209743
20181007_00,848.388423743809
20181007_01,748.7339815112018
20181007_02,612.146157951972
20181007_03,316.0695550936806
20181007_04,186.55379949273132
20181007_05,123.90146441665962
20181007_06,161.7147416269627
20181007_07,235.29329954030484
20181007_08,525.3815816590787
20181007_09,718.0106375806502
20181007_10,811.7126392951429
20181007_11,1006.0307518802359
20181007_12,1126.8323382646213
20181007_13,1230.8485833264072
20181007_14,1234.8578146182251
20181007_15,1386.121505059181
20181007_16,1506.8696725282844
20181007_17,1858.515600502388
20181007_18,1910.2112703962032
20181007_19,1749.0707974918064
20181007_20,1559.5009731854957
20181007_21,1475.976451900387
20181007_22,1237.6259242989586
20181007_23,972.7735162491726
20181008_00,683.0068537745307
20181008_01,453.55051311011607
20181008_02,263.3821865610368
20181008_03,176.78494833195697
20181008_04,145.6326012810207
20181008_05,195.6987514769295
20181008_06,448.400014767367
20181008_07,889.0639638085762
20181008_08,1795.5150856520936
20181008_09,1129.8701695253264
20181008_10,818.9263538210613
20181008_11,917.5221445845939
20181008_12,1063.6369181084553
20181008_13,1064.0909354608434
20181008_14,1086.4755852846527
20181008_15,1205.9661125629452
20181008_16,1482.8349785895755
20181008_17,2077.501159630849
20181008_18,2665.6288429060887
20181008_19,2259.2039859010147
20181008_20,1940.848660746808
20181008_21,1763.1766902765207
20181008_22,1452.6105698316915
20181008_23,1005.8255559099795
20181009_00,0.0
20181009_01,0.0
20181009_02,0.0
20181009_03,0.0
20181009_04,0.0
20181009_05,0.0
20181009_06,0.0
20181009_07,0.0
20181009_08,0.0
20181009_09,0.0
20181009_10,0.0
20181009_11,0.0
20181009_12,0.0
20181009_13,0.0
20181009_14,0.0
20181009_15,0.0
20181009_16,0.0
20181009_17,0.0
20181009_18,0.0
20181009_19,0.0
20181009_20,0.0
20181009_21,0.0
20181009_22,0.0
20181009_23,0.0
20181010_00,877.4046700638789
20181010_01,632.9614869550876
20181010_02,54.2133472470753
20181010_03,65.42227290197371
20181010_04,104.56248696255676
20181010_05,138.97574812227006
20181010_06,529.5033348503464
20181010_07,964.9054472907358
20181010_08,1565.3009439545035
20181010_09,806.7908246307368
20181010_10,670.3937510988676
20181010_11,850.4666323979343
20181010_12,1035.9096822827364
20181010_13,997.061301179114
20181010_14,1015.5301392485785
20181010_15,1084.1600295274536
20181010_16,1274.2664123896702
20181010_17,1740.7260189358126
20181010_18,2009.4190277692946
20181010_19,1743.7914802768419
20181010_20,1533.014758653116
20181010_21,1436.5112122568569
20181010_22,985.6482540209463
20181010_23,674.115856454475
20181011_00,530.3834821018837
20181011_01,438.04247355166297
20181011_02,387.3469169869321
20181011_03,260.68760173039396
20181011_04,178.7215760127118
20181011_05,201.66490287051548
20181011_06,450.9127645050294
20181011_07,884.1843734967792
20181011_08,1667.8696018457376
20181011_09,920.0149617407484
20181011_10,644.7924850741796
20181011_11,831.6317882880967
20181011_12,965.8708095819976
20181011_13,931.0038942404424
20181011_14,931.7190085837007
20181011_15,1059.2154766885712
20181011_16,1321.1426341123283
20181011_17,1754.379423107854
20181011_18,2064.6936722312266
20181011_19,1730.1771460512664
20181011_20,1506.4217608392314
20181011_21,1209.8423813048867
20181011_22,985.3759268085049
20181011_23,603.4858173415569
20181012_00,498.90679579687384
20181012_01,447.1972050765177
20181012_02,406.8808725050003
20181012_03,274.50073106056425
20181012_04,193.48952360336085
20181012_05,217.40684114294518
20181012_06,441.44555181749615
20181012_07,883.0115526660181
20181012_08,1738.7732366364644
20181012_09,939.5366940979263
20181012_10,803.6390576373706
20181012_11,888.4087075509924
20181012_12,1064.0587491900067
20181012_13,1049.0860563931833
20181012_14,1086.9259112470336
20181012_15,1207.7526960144678
20181012_16,1467.4423598172352
20181012_17,1983.8311220113605
20181012_18,2356.671028881788
20181012_19,1934.8709700343666
20181012_20,1498.7225406027082
20181012_21,1361.3089620007452
20181012_22,1100.5642733391032
20181012_23,746.8271200014194
20181013_00,673.7350647078099
20181013_01,496.00462508172245
20181013_02,428.1892057556878
20181013_03,408.003491627721
20181013_04,197.60958957038542
20181013_05,158.9026161012128
20181013_06,248.48990851735363
20181013_07,374.30821864902697
20181013_08,502.80389324415717
20181013_09,701.011510268645
20181013_10,906.7903089762436
20181013_11,1129.952636690079
20181013_12,1234.330840228988
20181013_13,1343.0174767531403
20181013_14,1383.040889624016
20181013_15,1438.3700723067168
20181013_16,1553.4912600075177
20181013_17,1898.7940230875636
20181013_18,1806.4044364358015
20181013_19,1511.6129926641768
20181013_20,1379.2601105173521
20181013_21,1341.5426897627826
20181013_22,1094.8467318739674
20181013_23,785.5495936478248
20181014_00,715.6085664889108
20181014_01,473.8391356750668
20181014_02,333.4980898772541
20181014_03,319.6144599649757
20181014_04,171.9107882314184
20181014_05,119.52263246601186
20181014_06,177.12610538817586
20181014_07,263.1877960390597
20181014_08,382.2359764250062
20181014_09,564.0399116804778
20181014_10,786.5176124836782
20181014_11,1050.391807342449
20181014_12,1164.5906244160274
20181014_13,1264.3873795943523
20181014_14,1278.99820579696
20181014_15,1361.1105778232586
20181014_16,1489.2816845422344
20181014_17,1771.5566972691786
20181014_18,1596.7836571650655
20181014_19,1347.236906816213
20181014_20,1187.6441100221482
20181014_21,1125.4842983842354
20181014_22,912.2429413338276
20181014_23,822.7839563309453
20181015_00,632.2331645912711
20181015_01,387.5094903923644
20181015_02,253.21890800010064
20181015_03,165.14616737459764
20181015_04,123.59754291530051
20181015_05,174.6987002505462
20181015_06,502.1118176162121
20181015_07,1017.7954832486453
20181015_08,2016.2013711428162
20181015_09,966.0550639935324
20181015_10,712.5785868234293
20181015_11,864.0677248486109
20181015_12,998.3428872547842
20181015_13,978.8054981520697
20181015_14,1011.0212339921175
20181015_15,1135.7678679245373
20181015_16,1376.9214595721708
20181015_17,1957.3091773337483
20181015_18,2467.4495581044744
20181015_19,2117.0668170884182
20181015_20,1729.3352487581305
20181015_21,1471.923906226104
20181015_22,1221.4531871725633
20181015_23,938.8530034700995
20181016_00,757.4645272018815
20181016_01,582.0200381809149
20181016_02,308.75094219186565
20181016_03,210.6735943103256
20181016_04,119.12382789866822
20181016_05,158.44618471872877
20181016_06,492.5187566664609
20181016_07,1004.9516827540147
20181016_08,1877.8844453739678
20181016_09,1032.2821365423893
20181016_10,821.298532078582
20181016_11,920.4439846058931
20181016_12,1083.3295613711764
20181016_13,1046.6243859435776
20181016_14,1066.1968813814888
20181016_15,1155.9503472880303
20181016_16,1395.5191985741499
20181016_17,1975.7572967831086
20181016_18,2529.5393682820777
20181016_19,1974.6367503168813
20181016_20,1606.0633031367681
20181016_21,1551.2941160593803
20181016_22,1289.7981512187444
20181016_23,975.8733264671171
20181017_00,783.2750846852471
20181017_01,535.3295657350718
20181017_02,346.35510185120256
20181017_03,225.29016605790864
20181017_04,141.38785452008716
20181017_05,168.54281117356254
20181017_06,369.49990979049
20181017_07,918.6625274324349
20181017_08,1586.9269175659572
20181017_09,867.1299283922642
20181017_10,818.5199266954038
20181017_11,909.3137673424282
20181017_12,1066.8834788583004
20181017_13,1054.4584631930486
20181017_14,1088.6613959658212
20181017_15,1215.0606633515526
20181017_16,1496.720422310836
20181017_17,1998.4732844221676
20181017_18,2296.5494000297294
20181017_19,2005.3557430502237
20181017_20,1815.4744584458172
20181017_21,1459.2173756406316
20181017_22,1199.6841885625681
20181017_23,725.700500639895
20181018_00,475.0250725008618
20181018_01,400.87333567425003
20181018_02,341.79064298936294
20181018_03,227.18750230819492
20181018_04,138.20034495103332
20181018_05,175.60293279330358
20181018_06,363.6601377972462
20181018_07,856.4518801778956
20181018_08,1634.321392036415
20181018_09,926.7541859127014
20181018_10,790.7508486935535
20181018_11,890.9202862375937
20181018_12,1057.4935479588326
20181018_13,1041.544326281844
20181018_14,1055.1782081319302
20181018_15,1181.8158910697923
20181018_16,1421.1065364202566
20181018_17,1938.852286502508
20181018_18,2352.8459995856465
20181018_19,1979.3366887475577
20181018_20,1686.8120392000942
20181018_21,1587.9780319433244
20181018_22,1307.3676874833873
20181018_23,774.8993513513327
20181019_00,622.2298600121674
20181019_01,416.78981423856675
20181019_02,364.25780032727255
20181019_03,235.86289966120663
20181019_04,152.11691189742407
20181019_05,191.5110234943876
20181019_06,403.906663401626
20181019_07,858.7249742431417
20181019_08,1831.8573492686571
20181019_09,993.7653712212996
20181019_10,850.0920901951876
20181019_11,949.9975415153975
20181019_12,1131.5222084321936
20181019_13,1088.7521477566781
20181019_14,1101.0724622018174
20181019_15,1217.2898233401115
20181019_16,1497.4110980744463
20181019_17,2070.9304459780346
20181019_18,2483.8946921107163
20181019_19,2045.7460117429214
20181019_20,1725.04113664453
20181019_21,1607.4389368659467
20181019_22,1272.2774927024063
20181019_23,795.8459669138565
20181020_00,772.0975602067999
20181020_01,767.7726679102278
20181020_02,535.8945430720362
20181020_03,416.7149380779975
20181020_04,200.56004599087652
20181020_05,158.52224962926573
20181020_06,257.378474718927
20181020_07,375.93209451323133
20181020_08,486.19253415096165
20181020_09,741.090422846918
20181020_10,899.5987458661147
20181020_11,1138.5384528961754
20181020_12,1262.2789739579127
20181020_13,1423.1163704475746
20181020_14,1452.543834778074
20181020_15,1543.7608023820667
20181020_16,1694.91392910371
20181020_17,2034.1306792098928
20181020_18,1793.1910388794897
20181020_19,1574.264735493299
20181020_20,1447.6606754278364
20181020_21,1375.6326770173264
20181020_22,1166.5002143246784
20181020_23,1035.8125105820936
20181021_00,756.7664746611508
20181021_01,623.7552575244601
20181021_02,409.94289697394134
20181021_03,327.5451414599061
20181021_04,189.25442167792983
20181021_05,129.11244898972663
20181021_06,189.65202529752193
20181021_07,276.157899812653
20181021_08,384.3877507031887
20181021_09,586.066690783359
20181021_10,771.843814891259
20181021_11,1031.4063452135556
20181021_12,1187.5650732230492
20181021_13,1298.8410534497361
20181021_14,1317.115393335395
20181021_15,1409.3703771057221
20181021_16,1530.695046485489
20181021_17,1946.7459413591862
20181021_18,1710.70734011913
20181021_19,1460.9731308299883
20181021_20,1220.8432973205836
20181021_21,1320.238794776758
20181021_22,984.9116018982336
20181021_23,862.6611434849565
20181022_00,636.3306839790724
20181022_01,394.38200643079233
20181022_02,265.9366259125604
20181022_03,166.71872418224416
20181022_04,134.37386430693644
20181022_05,176.14861843946235
20181022_06,390.2988980717849
20181022_07,860.5826902911687
20181022_08,1696.4453231718735
20181022_09,1058.2488132471708
20181022_10,787.3254802909023
20181022_11,887.2628752477424
20181022_12,1040.7511732106009
20181022_13,979.252304340576
20181022_14,1026.7402217242454
20181022_15,1105.2231038005384
20181022_16,1328.1098976689807
20181022_17,1904.2316759155583
20181022_18,2470.906746996613
20181022_19,2028.1762383656528
20181022_20,1742.6242605449193
20181022_21,1605.28666750183
20181022_22,1202.102358912257
20181022_23,889.6326622977807
20181023_00,718.3325045730436
20181023_01,522.2222447103204
20181023_02,308.35008599442364
20181023_03,206.22733956650148
20181023_04,116.58754136669222
20181023_05,153.93464723477183
20181023_06,445.7915416938801
20181023_07,994.7373525186902
20181023_08,1920.2250905379774
20181023_09,927.6881765479666
20181023_10,777.2815464808602
20181023_11,627.9037885587555
20181023_12,40.6867107631715
20181023_13,789.2138830888233
20181023_14,897.0216996955232
20181023_15,1035.3137882402052
20181023_16,1144.0406271537972
20181023_17,1610.396188048836
20181023_18,1982.2931392696228
20181023_19,1653.4648079627152
20181023_20,1495.0973999330377
20181023_21,1440.863333499367
20181023_22,1202.3663472970454
20181023_23,767.965351631393
20181024_00,543.6546368795717
20181024_01,387.1719767914371
20181024_02,178.72201149964337
20181024_03,212.23693261197258
20181024_04,115.41308682491425
20181024_05,132.57162864053402
20181024_06,352.5327009873732
20181024_07,792.3615205879865
20181024_08,1438.885619473238
20181024_09,828.9291759450902
20181024_10,802.7391790680324
20181024_11,911.8557725981159
20181024_12,1070.9679106994354
20181024_13,1040.1427247729407
20181024_14,1069.6698462197742
20181024_15,1168.7381665790717
20181024_16,1429.5246351482651
20181024_17,1968.9332688268546
20181024_18,2344.7475309164392
20181024_19,1880.1084640972886
20181024_20,1715.704170609733
20181024_21,1566.5731492664795
20181024_22,1222.5604079458285
20181024_23,764.3993031707853
20181025_00,664.3277026865992
20181025_01,473.5369735535162
20181025_02,334.968951006117
20181025_03,224.3247920155232
20181025_04,141.88741212582136
20181025_05,171.24244389424751
20181025_06,294.8636233283634
20181025_07,753.4859594043544
20181025_08,1512.0725385809
20181025_09,887.0302353851938
20181025_10,754.3902637754384
20181025_11,885.1356450067985
20181025_12,1043.668726264585
20181025_13,1015.7086366338297
20181025_14,1007.0976305228172
20181025_15,1114.3322697845203
20181025_16,1327.6462573238168
20181025_17,1831.3269356821797
20181025_18,2266.68669909555
20181025_19,2002.0052526447917
20181025_20,1778.7697780127996
20181025_21,1572.7783393584964
20181025_22,1325.4952895569022
20181025_23,936.1644164869593
20181026_00,756.3940778371987
20181026_01,596.5449935751697
20181026_02,411.6696545044689
20181026_03,271.4136431808465
20181026_04,178.53694394373497
20181026_05,207.45752998188158
20181026_06,567.0982401344208
20181026_07,1054.724245034145
20181026_08,506.847193249661
20181026_09,305.08469631622785
20181026_10,657.0686290130799
20181026_11,179.93981336086927
20181026_12,116.04306283313704
20181026_13,125.54894134959449
20181026_14,40.19449541937931
20181026_15,257.9949088861665
20181026_16,1000.4110746863174
20181026_17,1562.6289419181364
20181026_18,2004.5322964827683
20181026_19,1735.593654668704
20181026_20,1171.7894634480613
20181026_21,1225.7559391025675
20181026_22,988.6714376276955
20181026_23,561.1168410860716
20181027_00,659.5231053256683
20181027_01,489.03617210269823
20181027_02,443.585846154754
20181027_03,455.60571473774536
20181027_04,237.94415247263964
20181027_05,198.4730023119544
20181027_06,316.9086665299489
20181027_07,426.33913748731675
20181027_08,503.7813135234012
20181027_09,561.0086482876027
20181027_10,590.330286650475
20181027_11,843.4330821087337
20181027_12,992.9381804057094
20181027_13,1163.8829899438851
20181027_14,1185.0041347327233
20181027_15,1254.020323820209
20181027_16,1296.9270017264455
20181027_17,1335.980375694983
20181027_18,1255.4703304746695
20181027_19,1165.3416157448155
20181027_20,1039.8733080167187
20181027_21,1040.7958752569014
20181027_22,858.1937387538246
20181027_23,602.6259044374126
20181028_00,617.8000991770865
20181028_01,472.2004705644554
20181028_02,383.90255216575895
20181028_03,369.21160948429485
20181028_04,216.77317509142574
20181028_05,146.9596776648263
20181028_06,36.65530533509976
20181028_07,151.94562815300748
20181028_08,250.9187773623901
20181028_09,75.37976320614153
20181028_10,258.393528354403
20181028_11,389.3782214903141
20181028_12,654.1363191913388
20181028_13,781.5280438006885
20181028_14,758.370537761382
20181028_15,731.318171944049
20181028_16,785.8894208088144
20181028_17,208.40519084019408
20181028_18,673.1719666904781
20181028_19,668.3274261724919
20181028_20,667.0626080466141
20181028_21,729.462879100009
20181028_22,604.867772885256
20181028_23,407.8844245453898
20181029_00,280.5529414875772
20181029_01,246.0591734579356
20181029_02,225.39650257988706
20181029_03,184.0051199319314
20181029_04,154.93671263748286
20181029_05,195.12815441561895
20181029_06,367.1812511486664
20181029_07,795.8245803935579
20181029_08,1519.6158301823311
20181029_09,820.0704769542052
20181029_10,531.5080024110051
20181029_11,735.2907618419603
20181029_12,799.7863762113782
20181029_13,696.4194100643123
20181029_14,827.2707854318962
20181029_15,803.8358758171539
20181029_16,1115.3329399226961
20181029_17,1445.0483043921242
20181029_18,1558.4212565574699
20181029_19,1345.9241096619662
20181029_20,1096.518981854046
20181029_21,1091.2222663790199
20181029_22,861.206010113462
20181029_23,482.66552372312606
20181030_00,392.30462166173334
20181030_01,355.2608986333002
20181030_02,304.318608535727
20181030_03,235.67678352655946
20181030_04,149.81155198634517
20181030_05,187.6203172711328
20181030_06,360.7870471278873
20181030_07,826.7872978179071
20181030_08,1580.8127074441545
20181030_09,736.3748935872466
20181030_10,526.67584339674
20181030_11,632.5846584988516
20181030_12,736.1485177215402
20181030_13,727.5321204649454
20181030_14,851.1529038861615
20181030_15,922.7571309650004
20181030_16,1148.1986718303078
20181030_17,1519.4155063731664
20181030_18,1531.0150179533734
20181030_19,1433.5021298561696
20181030_20,1074.2040763400169
20181030_21,1144.868287004537
20181030_22,995.7439965715703
20181030_23,659.7146528365669
20181031_00,444.97857541722635
20181031_01,385.47939506896427
20181031_02,371.9133055254833
20181031_03,277.7704284038766
20181031_04,183.74508938843573
20181031_05,198.98204658870625
20181031_06,342.5332839464385
20181031_07,807.4575582608882
20181031_08,1448.813579447974
20181031_09,751.9358570073435
20181031_10,552.1892035090691
20181031_11,643.9636087799138
20181031_12,794.3282124985033
20181031_13,849.3517374523719
20181031_14,899.8259863991888
20181031_15,1011.3011224914009
20181031_16,1154.4775934317345
20181031_17,1557.2019852983844
20181031_18,1643.6595791602936
20181031_19,1433.0619850191906
20181031_20,1110.8192277283931
20181031_21,1035.3627301275983
20181031_22,849.7644122218533
20181031_23,539.8677334527395
20181101_00,462.760186392365
20181101_01,407.5016599521293
20181101_02,369.6121337460204
20181101_03,275.9848133637466
20181101_04,183.6007167294675
20181101_05,219.46883602880473
20181101_06,381.22380576506924
20181101_07,852.3624294898749
20181101_08,1466.535721827676
20181101_09,704.1756160914837
20181101_10,553.6833801885414
20181101_11,794.4571266117175
20181101_12,930.8995534325946
20181101_13,936.5975168671082
20181101_14,944.9856258200357
20181101_15,1064.8610531103138
20181101_16,1268.3680842341214
20181101_17,1748.7932710007306
20181101_18,2023.9883451827282
20181101_19,1623.637831097476
20181101_20,1334.2974622860029
20181101_21,1148.170353001419
20181101_22,907.7634978404135
20181101_23,557.2519578357692
20181102_00,448.48027437936184
20181102_01,409.1323461837029
20181102_02,398.67476805705417
20181102_03,274.14910291292347
20181102_04,185.687578923408
20181102_05,208.009012948517
20181102_06,391.1771209601974
20181102_07,830.9989922975911
20181102_08,1531.0257416467803
20181102_09,761.2373756403538
20181102_10,668.9617111160218
20181102_11,851.4204922063035
20181102_12,1032.6370279303728
20181102_13,1039.8724444165305
20181102_14,1064.4960190724398
20181102_15,1169.7049492651413
20181102_16,1412.8552221567502
20181102_17,1961.2910825604683
20181102_18,2124.5949759657256
20181102_19,1866.7069941687364
20181102_20,1545.3224784198594
20181102_21,1314.157954270029
20181102_22,1046.0927713956482
20181102_23,675.6636156717957
20181103_00,0.0
20181103_01,0.0
20181103_02,0.0
20181103_03,0.0
20181103_04,0.0
20181103_05,0.0
20181103_06,0.0
20181103_07,0.0
20181103_08,0.0
20181103_09,0.0
20181103_10,0.0
20181103_11,0.0
20181103_12,0.0
20181103_13,0.0
20181103_14,0.0
20181103_15,0.0
20181103_16,0.0
20181103_17,0.0
20181103_18,0.0
20181103_19,0.0
20181103_20,0.0
20181103_21,0.0
20181103_22,0.0
20181103_23,0.0
20181104_00,584.2417749015651
20181104_01,439.03497094368333
20181104_02,360.99948022401543
20181104_03,350.79492541582243
20181104_04,216.22159445701453
20181104_05,149.98793497562923
20181104_06,212.31081603093867
20181104_07,271.749613035907
20181104_08,360.52594084895577
20181104_09,453.0460274718206
20181104_10,655.036933282193
20181104_11,957.7357617047979
20181104_12,1132.578945981654
20181104_13,1276.6580721792839
20181104_14,1269.6906287330073
20181104_15,1409.5289619002776
20181104_16,1521.2428511621931
20181104_17,1793.9958565710765
20181104_18,1505.2621763784803
20181104_19,1192.9981807484942
20181104_20,1107.1478475861095
20181104_21,1087.5600571625978
20181104_22,724.6260805973227
20181104_23,561.7141739183671
20181105_00,491.9080904070581
20181105_01,303.5966861549065
20181105_02,209.13799604524456
20181105_03,154.30862391006616
20181105_04,120.86934740512599
20181105_05,176.26660085744493
20181105_06,308.8080203684975
20181105_07,738.7036402262875
20181105_08,1300.5883832228633
20181105_09,644.1535705347575
20181105_10,673.7200096118006
20181105_11,818.1540010325434
20181105_12,965.6369916469341
20181105_13,976.670522462596
20181105_14,1015.1437658152638
20181105_15,1107.8094839688229
20181105_16,1270.4794566869243
20181105_17,1722.883179191398
20181105_18,2066.533374821684
20181105_19,1766.2322699051108
20181105_20,1643.847051078804
20181105_21,1371.7677642403373
20181105_22,1056.0098794389578
20181105_23,603.6901483823522
20181106_00,0.0
20181106_01,0.0
20181106_02,0.0
20181106_03,0.0
20181106_04,0.0
20181106_05,0.0
20181106_06,0.0
20181106_07,0.0
20181106_08,0.0
20181106_09,0.0
20181106_10,0.0
20181106_11,0.0
20181106_12,0.0
20181106_13,0.0
20181106_14,0.0
20181106_15,0.0
20181106_16,0.0
20181106_17,0.0
20181106_18,0.0
20181106_19,0.0
20181106_20,0.0
20181106_21,0.0
20181106_22,0.0
20181106_23,0.0
20181107_00,722.4202103616469
20181107_01,535.7355670402048
20181107_02,342.06707352307353
20181107_03,71.85435122543505
20181107_04,117.87693532303382
20181107_05,136.4845729898416
20181107_06,101.15233471745735
20181107_07,949.7908315618723
20181107_08,1426.6598372888952
20181107_09,356.7424314497827
20181107_10,563.4613479728961
20181107_11,618.4475412194708
20181107_12,837.025923066635
20181107_13,872.5727887090152
20181107_14,967.2371076859188
20181107_15,964.8418760548244
20181107_16,1071.6692644028435
20181107_17,1611.1554193789225
20181107_18,2094.8568735286713
20181107_19,1613.4054153211962
20181107_20,1666.9365035624674
20181107_21,1538.836371687914
20181107_22,1256.7870316998876
20181107_23,876.0203013829389
20181108_00,693.9248280728619
20181108_01,531.0907007254496
20181108_02,381.8520173038804
20181108_03,104.93218865117723
20181108_04,141.40929942963737
20181108_05,147.5792798392057
20181108_06,151.99109243115635
20181108_07,998.9660758653482
20181108_08,1157.863298402855
20181108_09,253.07654318543297
20181108_10,397.8564395652737
20181108_11,329.9127887802039
20181108_12,110.36125890445595
20181108_13,463.0937052848866
20181108_14,338.35974885896627
20181108_15,75.33334052614626
20181108_16,405.9074448236082
20181108_17,784.6224769964348
20181108_18,76.10953779456283
20181108_19,815.1789326240307
20181108_20,743.9496181653295
20181108_21,53.427487976272744
20181108_22,545.0770211672598
20181108_23,393.97126323500964
20181109_00,0.0
20181109_01,0.0
20181109_02,0.0
20181109_03,0.0
20181109_04,0.0
20181109_05,0.0
20181109_06,0.0
20181109_07,0.0
20181109_08,0.0
20181109_09,0.0
20181109_10,0.0
20181109_11,0.0
20181109_12,0.0
20181109_13,0.0
20181109_14,0.0
20181109_15,0.0
20181109_16,0.0
20181109_17,0.0
20181109_18,0.0
20181109_19,0.0
20181109_20,0.0
20181109_21,0.0
20181109_22,0.0
20181109_23,0.0
20181110_00,746.9587097983447
20181110_01,698.360866141501
20181110_02,477.43391375445947
20181110_03,441.50939288824384
20181110_04,219.0916286300593
20181110_05,158.94729476980228
20181110_06,259.9654227443708
20181110_07,309.2581325758806
20181110_08,416.8755720832954
20181110_09,622.9381360272063
20181110_10,809.4716193207511
20181110_11,987.6209739322894
20181110_12,1091.1075725979192
20181110_13,1204.2525671643473
20181110_14,1287.567912665496
20181110_15,1407.3200749810594
20181110_16,1466.8896596949767
20181110_17,1570.0644265672504
20181110_18,1488.228085993188
20181110_19,1358.966191410083
20181110_20,1051.5540761183759
20181110_21,1194.8344672354792
20181110_22,1022.2277553989236
20181110_23,765.9564638565378
20181111_00,565.3309327800507
20181111_01,448.9110317179492
20181111_02,307.4044915774525
20181111_03,318.88776912909884
20181111_04,194.14089456509282
20181111_05,130.78365665020675
20181111_06,187.5084980500232
20181111_07,274.1538377762954
20181111_08,333.3946235505099
20181111_09,401.58330271645514
20181111_10,523.2598014982284
20181111_11,575.4688829686702
20181111_12,521.0212321859035
20181111_13,602.2398828641312
20181111_14,748.5323411580677
20181111_15,731.1465410527911
20181111_16,760.6954080023661
20181111_17,964.1127112505162
20181111_18,977.1334089332526
20181111_19,1009.3644554127713
20181111_20,934.9904455738881
20181111_21,1036.4493903245743
20181111_22,644.94953949492
20181111_23,451.5669270499403
20181112_00,393.510234871059
20181112_01,301.7764427886624
20181112_02,231.92613698718895
20181112_03,180.34187465462912
20181112_04,145.0133103792088
20181112_05,197.97940495376582
20181112_06,360.03546033495365
20181112_07,788.2867350396494
20181112_08,1403.9718429843106
20181112_09,753.4426021809766
20181112_10,557.9228118177666
20181112_11,754.7849956522865
20181112_12,965.7965582960211
20181112_13,947.9327446710013
20181112_14,971.0470421038996
20181112_15,1100.3526260776425
20181112_16,1254.0185313112934
20181112_17,1539.7990757434718
20181112_18,1884.8833057478555
20181112_19,1681.6700342683107
20181112_20,1338.0872456552697
20181112_21,1297.2001651719515
20181112_22,893.6050768491215
20181112_23,508.38944423477017
20181113_00,435.7233805705291
20181113_01,395.52454323286463
20181113_02,342.20454314395454
20181113_03,250.87412541927424
20181113_04,149.8560830824098
20181113_05,183.66516457285564
20181113_06,391.65596712035085
20181113_07,818.7167778062819
20181113_08,1535.8959498510828
20181113_09,763.0743908237923
20181113_10,552.1170889421396
20181113_11,802.2138264378402
20181113_12,983.9252138722054
20181113_13,981.9787371236464
20181113_14,1013.1950297992762
20181113_15,1116.3409785519866
20181113_16,1293.6797061465259
20181113_17,1675.6988561657495
20181113_18,1912.747450450228
20181113_19,1657.2580402551646
20181113_20,1347.6942788853298
20181113_21,1339.5137979985566
20181113_22,1085.9540772502041
20181113_23,658.697329648971
20181114_00,499.5662526365246
20181114_01,438.25659809552843
20181114_02,382.8826014351565
20181114_03,281.42003916637555
20181114_04,190.96427154896574
20181114_05,215.30692675971045
20181114_06,390.1245169982973
20181114_07,793.243784650035
20181114_08,1529.7810146713523
20181114_09,675.4868169265383
20181114_10,526.9168160756964
20181114_11,854.8582674161435
20181114_12,996.9127352387895
20181114_13,1010.9806531995932
20181114_14,1043.2199287272888
20181114_15,1111.781336121635
20181114_16,1299.4900775237513
20181114_17,1664.4562056487641
20181114_18,1895.9418702167957
20181114_19,1617.2324009163567
20181114_20,1458.4753519711708
20181114_21,1376.926967825403
20181114_22,912.483731743853
20181114_23,515.8849596940639
20181115_00,481.9157105299053
20181115_01,422.85760882419
20181115_02,409.20014843920546
20181115_03,250.35995155295404
20181115_04,183.02498081516455
20181115_05,201.1418274640672
20181115_06,392.3489454680144
20181115_07,816.4185740114913
20181115_08,1490.20052878677
20181115_09,711.5917726256347
20181115_10,516.5180368562803
20181115_11,805.8920770600967
20181115_12,998.8179541940646
20181115_13,966.374158236718
20181115_14,973.0523543156047
20181115_15,1113.6462840290167
20181115_16,1248.9910883442333
20181115_17,1689.8381618857816
20181115_18,2087.417122897181
20181115_19,1635.4575982351455
20181115_20,1240.0328511616417
20181115_21,1142.2879792810695
20181115_22,946.7007551312261
20181115_23,580.360400711837
20181116_00,500.4159430844297
20181116_01,445.187811319943
20181116_02,440.20822418145343
20181116_03,290.45049429105325
20181116_04,196.297330688805
20181116_05,217.9816404166899
20181116_06,429.4026284109369
20181116_07,823.9341186377318
20181116_08,1441.1334507998045
20181116_09,735.3868352691243
20181116_10,588.736137981344
20181116_11,849.9198029685542
20181116_12,1005.3192928673486
20181116_13,940.7982263652697
20181116_14,936.9083001448021
20181116_15,892.6350531995242
20181116_16,851.1952050241234
20181116_17,1299.3362526589208
20181116_18,1733.4323486281933
20181116_19,1311.94427041593
20181116_20,992.12111728837
20181116_21,1022.3903815190897
20181116_22,798.7204601058876
20181116_23,524.5249697845746
20181117_00,545.2729250529336
20181117_01,450.780000394725
20181117_02,397.4799014612548
20181117_03,380.2906578005619
20181117_04,227.041478255365
20181117_05,185.39825709469207
20181117_06,283.75295158896233
20181117_07,372.392823449244
20181117_08,440.7785081338737
20181117_09,456.57713946138836
20181117_10,513.9291910879462
20181117_11,763.7157474948053
20181117_12,949.9193930751965
20181117_13,1143.1104512929437
20181117_14,1030.4678515244175
20181117_15,993.6844738121307
20181117_16,987.0926182953244
20181117_17,1268.3925324854843
20181117_18,1205.2238798094484
20181117_19,1083.2543422876658
20181117_20,1016.9529779152717
20181117_21,1004.3419878485929
20181117_22,839.370160043341
20181117_23,527.878486658671
20181118_00,556.3259464605364
20181118_01,402.14869977536364
20181118_02,331.290386518054
20181118_03,323.3934958018581
20181118_04,216.38295949675665
20181118_05,154.5973903322905
20181118_06,225.47135765306808
20181118_07,289.4931457787792
20181118_08,370.688875573701
20181118_09,399.40100466498257
20181118_10,450.18170322836727
20181118_11,670.2437874579168
20181118_12,802.1794434067949
20181118_13,985.3042337576916
20181118_14,1021.4245284673411
20181118_15,914.2128986380376
20181118_16,929.7421975623625
20181118_17,1155.5536507666734
20181118_18,1110.8021646926948
20181118_19,1089.5709704560063
20181118_20,937.0073576532792
20181118_21,892.0851430716401
20181118_22,710.0905531190534
20181118_23,523.2406611220359
20181119_00,436.79789784664416
20181119_01,326.3187601144547
20181119_02,249.01665074849
20181119_03,176.7577024096037
20181119_04,144.48895360355885
20181119_05,204.1386412455365
20181119_06,369.16265096225413
20181119_07,759.5381139317014
20181119_08,1331.322601830078
20181119_09,649.5201330395807
20181119_10,508.9784904921936
20181119_11,675.4380808118199
20181119_12,820.9676142892793
20181119_13,819.9778295410804
20181119_14,804.5073270912658
20181119_15,905.5266628931827
20181119_16,875.8937143251023
20181119_17,1275.9345677303554
20181119_18,1481.9033367836382
20181119_19,1354.4748195835064
20181119_20,1198.5680771140105
20181119_21,1151.3694418877164
20181119_22,911.215135259562
20181119_23,502.7755115701931
20181120_00,398.5571169229959
20181120_01,356.83474641503744
20181120_02,300.9104792745304
20181120_03,245.6634403693795
20181120_04,153.90281686379862
20181120_05,204.18306429556108
20181120_06,377.9293722379556
20181120_07,890.2715250802086
20181120_08,1519.163665604306
20181120_09,720.5243410327208
20181120_10,498.0723361049205
20181120_11,627.5750157698717
20181120_12,837.1531717317063
20181120_13,917.0320680634151
20181120_14,938.9346125177407
20181120_15,987.4370360371909
20181120_16,1130.672321207352
20181120_17,1515.9015679721479
20181120_18,1602.2527514437306
20181120_19,1460.8119799056385
20181120_20,1287.4599470590715
20181120_21,1239.7709449716185
20181120_22,1023.7528104260725
20181120_23,663.0842274760561
20181121_00,278.73956509170745
20181121_01,263.026051825837
20181121_02,179.99260220745722
20181121_03,47.66205848566885
20181121_04,122.14728098430271
20181121_05,132.05563224274673
20181121_06,277.17454917671967
20181121_07,734.7104627783369
20181121_08,1132.6996408153516
20181121_09,744.2807936554277
20181121_10,505.2921384357355
20181121_11,586.4527134609716
20181121_12,649.5350062102709
20181121_13,648.8808500759089
20181121_14,608.484646693624
20181121_15,572.039342582145
20181121_16,739.8335726195593
20181121_17,1040.486502474209
20181121_18,1466.106237880897
20181121_19,1399.9908850260013
20181121_20,1214.1368735960818
20181121_21,1142.1393995719732
20181121_22,894.3599672099042
20181121_23,500.4592475218939
20181122_00,381.1922212616371
20181122_01,339.9050720878456
20181122_02,336.7732058948684
20181122_03,271.93512609065914
20181122_04,182.91811485614573
20181122_05,224.20478867355595
20181122_06,357.67690257672285
20181122_07,852.7614040846894
20181122_08,1344.4966631272841
20181122_09,675.3790712409998
20181122_10,425.7276643667217
20181122_11,545.1980421553617
20181122_12,625.5528594784731
20181122_13,658.5680449817789
20181122_14,657.6462209267245
20181122_15,720.5809080373864
20181122_16,818.802288909246
20181122_17,1111.356515214123
20181122_18,1345.6653748485105
20181122_19,1222.1517474041325
20181122_20,1090.9279025023702
20181122_21,1048.3172759461274
20181122_22,873.0325003927992
20181122_23,478.99236646514487
20181123_00,380.6978456745667
20181123_01,352.12270432689684
20181123_02,320.9088641304521
20181123_03,264.98477525137855
20181123_04,190.66083114881354
20181123_05,214.14911500440238
20181123_06,346.95694393646374
20181123_07,827.1885076675588
20181123_08,1403.2870645639691
20181123_09,664.4453190010224
20181123_10,423.239884269247
20181123_11,512.3674880944513
20181123_12,627.8530658207392
20181123_13,640.415933172199
20181123_14,628.2982800071936
20181123_15,709.9578049822967
20181123_16,843.772282839568
20181123_17,1284.5775528292695
20181123_18,1383.1487770418594
20181123_19,1228.7792809988005
20181123_20,1099.5799919781539
20181123_21,1030.6934669551513
20181123_22,858.1889270803939
20181123_23,487.83791436030094
20181124_00,570.9218266472859
20181124_01,419.6200267790375
20181124_02,361.3957938397713
20181124_03,364.0570694454285
20181124_04,233.07087124720732
20181124_05,198.2761662430724
20181124_06,290.80359582598953
20181124_07,179.77076966394543
20181124_08,386.34651018522595
20181124_09,31.056846136423104
20181124_10,301.57347183258895
20181124_11,393.58655173152874
20181124_12,196.00505586433906
20181124_13,615.7732608142896
20181124_14,585.7650308152897
20181124_15,594.8457793242454
20181124_16,619.7250487176774
20181124_17,639.5700167878019
20181124_18,630.5087844738262
20181124_19,627.6981702831608
20181124_20,599.1439728155699
20181124_21,645.5018877551031
20181124_22,596.9028828163027
20181124_23,405.637791431804
20181125_00,395.28088401962896
20181125_01,282.7239166173315
20181125_02,269.96491958601644
20181125_03,219.57913867734666
20181125_04,127.26942635324272
20181125_05,101.36648382076797
20181125_06,128.4797668620859
20181125_07,196.55364956580974
20181125_08,408.9607715242974
20181125_09,432.08339785161445
20181125_10,361.95608759350756
20181125_11,467.0385907482532
20181125_12,558.5499846199577
20181125_13,750.3509210257535
20181125_14,769.566021855658
20181125_15,720.2555509923352
20181125_16,726.2430625042389
20181125_17,903.1230786343933
20181125_18,756.9552449277894
20181125_19,753.4059777466789
20181125_20,724.7221726109115
20181125_21,698.9327478273375
20181125_22,614.7183038710865
20181125_23,386.7408887075743
20181126_00,242.66087718722042
20181126_01,226.33554412847684
20181126_02,149.83129553571075
20181126_03,114.56626374870737
20181126_04,102.8973053390299
20181126_05,149.30064857419194
20181126_06,416.5389482305788
20181126_07,845.243571701031
20181126_08,1218.4323132892746
20181126_09,552.8214176342846
20181126_10,430.8531892276956
20181126_11,488.7779168288653
20181126_12,577.0672506573833
20181126_13,810.8879480488104
20181126_14,879.4171936356074
20181126_15,1033.6281882128894
20181126_16,1170.3938670080174
20181126_17,1494.1037697979662
20181126_18,1469.5204321737149
20181126_19,1279.556430314042
20181126_20,1038.4973205225797
20181126_21,977.4579981083269
20181126_22,752.3642583139506
20181126_23,423.4215507777768
20181127_00,363.82999817396234
20181127_01,323.9959838457497
20181127_02,212.43524422565588
20181127_03,155.09506933068565
20181127_04,103.32341898240233
20181127_05,168.57782609648842
20181127_06,314.9361414949979
20181127_07,760.7790624811252
20181127_08,1414.3978168006327
20181127_09,632.4623457850213
20181127_10,396.8270194265946
20181127_11,505.7140840573196
20181127_12,556.500129715618
20181127_13,682.1228409638899
20181127_14,591.1267491512125
20181127_15,751.6866542349139
20181127_16,702.041529621906
20181127_17,1216.095012423007
20181127_18,1791.1411131624163
20181127_19,1373.5929581306145
20181127_20,1271.1553240453998
20181127_21,1183.6956496633074
20181127_22,950.0781355240492
20181127_23,582.7797185625041
20181128_00,437.4710280429972
20181128_01,377.2118536170592
20181128_02,340.7068291487408
20181128_03,273.1834633950124
20181128_04,178.79264817622445
20181128_05,215.08396676793922
20181128_06,357.7531640403697
20181128_07,822.536398211684
20181128_08,1402.774172778954
20181128_09,686.2501610757332
20181128_10,443.34539373920825
20181128_11,566.8822271142268
20181128_12,690.8721532617421
20181128_13,705.626544351824
20181128_14,824.7104233745517
20181128_15,891.7629645498491
20181128_16,963.2875136467821
20181128_17,1255.0876799482048
20181128_18,1410.7837708347965
20181128_19,1285.296641432446
20181128_20,1187.2751817730696
20181128_21,1106.581458098552
20181128_22,871.3641025957736
20181128_23,493.4864560907673
20181129_00,397.7676532923878
20181129_01,344.2866444651733
20181129_02,349.2726017990008
20181129_03,279.38831657613
20181129_04,186.5767397087714
20181129_05,231.1174630745369
20181129_06,351.47391406925914
20181129_07,814.4812983835475
20181129_08,1357.9019706490847
20181129_09,680.3160382231181
20181129_10,423.16968111895386
20181129_11,536.1996608568692
20181129_12,532.8678407811176
20181129_13,511.5275753804494
20181129_14,539.1735094808362
20181129_15,626.8711030912011
20181129_16,750.1442289431093
20181129_17,1126.243497087604
20181129_18,1323.4463602989263
20181129_19,1284.7281615970999
20181129_20,1060.2832794408705
20181129_21,995.1940318672872
20181129_22,804.1719832804316
20181129_23,472.18050967914695
20181130_00,388.7504486445083
20181130_01,359.590474898952
20181130_02,346.9122349098788
20181130_03,273.48854108880175
20181130_04,188.64250334649307
20181130_05,216.55200450126222
20181130_06,362.080300038639
20181130_07,791.7334398797495
20181130_08,1384.9873048655675
20181130_09,650.2853371361495
20181130_10,436.0075132251909
20181130_11,572.718956500454
20181130_12,691.8487132208019
20181130_13,674.0778840223965
20181130_14,706.4105324721453
20181130_15,742.7999536488314
20181130_16,878.7060238651245
20181130_17,1234.7841168387708
20181130_18,1358.534697963254
20181130_19,1203.2728560081096
20181130_20,1100.2157321407235
20181130_21,1033.2981411457222
20181130_22,860.0019913146988
20181130_23,486.16553113767065
